image1,image2,image3,image4,image5,image6,wmc_qc,wmi_qc,nwm_qc
https://wym-mask-images.s3.amazonaws.com/crop/maksssksksss278-0.png,https://wym-mask-images.s3.amazonaws.com/crop/maksssksksss278-1.png,https://wym-mask-images.s3.amazonaws.com/crop/maksssksksss278-2.png,https://wym-mask-images.s3.amazonaws.com/crop/maksssksksss278-3.png,https://wym-mask-images.s3.amazonaws.com/crop/maksssksksss637-0.png,https://wym-mask-images.s3.amazonaws.com/crop/maksssksksss637-1.png,https://wym-mask-images.s3.amazonaws.com/crop/maksssksksss526-1.png,https://wym-mask-images.s3.amazonaws.com/crop/maksssksksss847-2.png,https://wym-mask-images.s3.amazonaws.com/crop/maksssksksss526-0.png
https://wym-mask-images.s3.amazonaws.com/crop/maksssksksss637-2.png,https://wym-mask-images.s3.amazonaws.com/crop/maksssksksss637-3.png,https://wym-mask-images.s3.amazonaws.com/crop/maksssksksss637-4.png,https://wym-mask-images.s3.amazonaws.com/crop/maksssksksss637-5.png,https://wym-mask-images.s3.amazonaws.com/crop/maksssksksss428-0.png,https://wym-mask-images.s3.amazonaws.com/crop/maksssksksss428-1.png,https://wym-mask-images.s3.amazonaws.com/crop/maksssksksss526-2.png,https://wym-mask-images.s3.amazonaws.com/crop/maksssksksss388-12.png,https://wym-mask-images.s3.amazonaws.com/crop/maksssksksss526-3.png
https://wym-mask-images.s3.amazonaws.com/crop/maksssksksss428-2.png,https://wym-mask-images.s3.amazonaws.com/crop/maksssksksss428-3.png,https://wym-mask-images.s3.amazonaws.com/crop/maksssksksss428-4.png,https://wym-mask-images.s3.amazonaws.com/crop/maksssksksss428-5.png,https://wym-mask-images.s3.amazonaws.com/crop/maksssksksss428-6.png,https://wym-mask-images.s3.amazonaws.com/crop/maksssksksss428-7.png,https://wym-mask-images.s3.amazonaws.com/crop/maksssksksss160-0.png,https://wym-mask-images.s3.amazonaws.com/crop/maksssksksss658-0.png,https://wym-mask-images.s3.amazonaws.com/crop/maksssksksss750-0.png
https://wym-mask-images.s3.amazonaws.com/crop/maksssksksss428-8.png,https://wym-mask-images.s3.amazonaws.com/crop/maksssksksss428-9.png,https://wym-mask-images.s3.amazonaws.com/crop/maksssksksss428-10.png,https://wym-mask-images.s3.amazonaws.com/crop/maksssksksss428-11.png,https://wym-mask-images.s3.amazonaws.com/crop/maksssksksss428-13.png,https://wym-mask-images.s3.amazonaws.com/crop/maksssksksss428-14.png,https://wym-mask-images.s3.amazonaws.com/crop/maksssksksss160-1.png,https://wym-mask-images.s3.amazonaws.com/crop/maksssksksss627-7.png,https://wym-mask-images.s3.amazonaws.com/crop/maksssksksss750-1.png
https://wym-mask-images.s3.amazonaws.com/crop/maksssksksss428-15.png,https://wym-mask-images.s3.amazonaws.com/crop/maksssksksss428-16.png,https://wym-mask-images.s3.amazonaws.com/crop/maksssksksss428-17.png,https://wym-mask-images.s3.amazonaws.com/crop/maksssksksss428-18.png,https://wym-mask-images.s3.amazonaws.com/crop/maksssksksss428-19.png,https://wym-mask-images.s3.amazonaws.com/crop/maksssksksss428-20.png,https://wym-mask-images.s3.amazonaws.com/crop/maksssksksss286-0.png,https://wym-mask-images.s3.amazonaws.com/crop/maksssksksss627-8.png,https://wym-mask-images.s3.amazonaws.com/crop/maksssksksss750-2.png
https://wym-mask-images.s3.amazonaws.com/crop/maksssksksss756-0.png,https://wym-mask-images.s3.amazonaws.com/crop/maksssksksss10-0.png,https://wym-mask-images.s3.amazonaws.com/crop/maksssksksss736-0.png,https://wym-mask-images.s3.amazonaws.com/crop/maksssksksss736-1.png,https://wym-mask-images.s3.amazonaws.com/crop/maksssksksss577-0.png,https://wym-mask-images.s3.amazonaws.com/crop/maksssksksss577-2.png,https://wym-mask-images.s3.amazonaws.com/crop/maksssksksss286-1.png,https://wym-mask-images.s3.amazonaws.com/crop/maksssksksss627-9.png,https://wym-mask-images.s3.amazonaws.com/crop/maksssksksss750-3.png
https://wym-mask-images.s3.amazonaws.com/crop/maksssksksss577-3.png,https://wym-mask-images.s3.amazonaws.com/crop/maksssksksss577-4.png,https://wym-mask-images.s3.amazonaws.com/crop/maksssksksss577-5.png,https://wym-mask-images.s3.amazonaws.com/crop/maksssksksss577-6.png,https://wym-mask-images.s3.amazonaws.com/crop/maksssksksss577-7.png,https://wym-mask-images.s3.amazonaws.com/crop/maksssksksss577-8.png,https://wym-mask-images.s3.amazonaws.com/crop/maksssksksss197-0.png,https://wym-mask-images.s3.amazonaws.com/crop/maksssksksss657-6.png,https://wym-mask-images.s3.amazonaws.com/crop/maksssksksss750-4.png
https://wym-mask-images.s3.amazonaws.com/crop/maksssksksss577-9.png,https://wym-mask-images.s3.amazonaws.com/crop/maksssksksss577-10.png,https://wym-mask-images.s3.amazonaws.com/crop/maksssksksss480-0.png,https://wym-mask-images.s3.amazonaws.com/crop/maksssksksss643-0.png,https://wym-mask-images.s3.amazonaws.com/crop/maksssksksss33-0.png,https://wym-mask-images.s3.amazonaws.com/crop/maksssksksss67-0.png,https://wym-mask-images.s3.amazonaws.com/crop/maksssksksss60-0.png,https://wym-mask-images.s3.amazonaws.com/crop/maksssksksss657-8.png,https://wym-mask-images.s3.amazonaws.com/crop/maksssksksss750-5.png
https://wym-mask-images.s3.amazonaws.com/crop/maksssksksss67-1.png,https://wym-mask-images.s3.amazonaws.com/crop/maksssksksss67-2.png,https://wym-mask-images.s3.amazonaws.com/crop/maksssksksss67-3.png,https://wym-mask-images.s3.amazonaws.com/crop/maksssksksss334-0.png,https://wym-mask-images.s3.amazonaws.com/crop/maksssksksss334-1.png,https://wym-mask-images.s3.amazonaws.com/crop/maksssksksss334-2.png,https://wym-mask-images.s3.amazonaws.com/crop/maksssksksss839-0.png,https://wym-mask-images.s3.amazonaws.com/crop/maksssksksss611-4.png,https://wym-mask-images.s3.amazonaws.com/crop/maksssksksss750-6.png
https://wym-mask-images.s3.amazonaws.com/crop/maksssksksss395-0.png,https://wym-mask-images.s3.amazonaws.com/crop/maksssksksss542-0.png,https://wym-mask-images.s3.amazonaws.com/crop/maksssksksss754-0.png,https://wym-mask-images.s3.amazonaws.com/crop/maksssksksss754-1.png,https://wym-mask-images.s3.amazonaws.com/crop/maksssksksss754-2.png,https://wym-mask-images.s3.amazonaws.com/crop/maksssksksss754-3.png,https://wym-mask-images.s3.amazonaws.com/crop/maksssksksss839-1.png,https://wym-mask-images.s3.amazonaws.com/crop/maksssksksss199-1.png,https://wym-mask-images.s3.amazonaws.com/crop/maksssksksss502-0.png
https://wym-mask-images.s3.amazonaws.com/crop/maksssksksss666-0.png,https://wym-mask-images.s3.amazonaws.com/crop/maksssksksss666-1.png,https://wym-mask-images.s3.amazonaws.com/crop/maksssksksss452-0.png,https://wym-mask-images.s3.amazonaws.com/crop/maksssksksss452-1.png,https://wym-mask-images.s3.amazonaws.com/crop/maksssksksss452-2.png,https://wym-mask-images.s3.amazonaws.com/crop/maksssksksss117-0.png,https://wym-mask-images.s3.amazonaws.com/crop/maksssksksss839-2.png,https://wym-mask-images.s3.amazonaws.com/crop/maksssksksss371-0.png,https://wym-mask-images.s3.amazonaws.com/crop/maksssksksss502-2.png
https://wym-mask-images.s3.amazonaws.com/crop/maksssksksss651-0.png,https://wym-mask-images.s3.amazonaws.com/crop/maksssksksss555-0.png,https://wym-mask-images.s3.amazonaws.com/crop/maksssksksss555-1.png,https://wym-mask-images.s3.amazonaws.com/crop/maksssksksss555-2.png,https://wym-mask-images.s3.amazonaws.com/crop/maksssksksss555-3.png,https://wym-mask-images.s3.amazonaws.com/crop/maksssksksss840-0.png,https://wym-mask-images.s3.amazonaws.com/crop/maksssksksss839-3.png,https://wym-mask-images.s3.amazonaws.com/crop/maksssksksss564-3.png,https://wym-mask-images.s3.amazonaws.com/crop/maksssksksss489-1.png
https://wym-mask-images.s3.amazonaws.com/crop/maksssksksss840-1.png,https://wym-mask-images.s3.amazonaws.com/crop/maksssksksss778-0.png,https://wym-mask-images.s3.amazonaws.com/crop/maksssksksss778-1.png,https://wym-mask-images.s3.amazonaws.com/crop/maksssksksss778-2.png,https://wym-mask-images.s3.amazonaws.com/crop/maksssksksss778-3.png,https://wym-mask-images.s3.amazonaws.com/crop/maksssksksss778-4.png,https://wym-mask-images.s3.amazonaws.com/crop/maksssksksss502-1.png,https://wym-mask-images.s3.amazonaws.com/crop/maksssksksss272-0.png,https://wym-mask-images.s3.amazonaws.com/crop/maksssksksss489-2.png
https://wym-mask-images.s3.amazonaws.com/crop/maksssksksss70-3.png,https://wym-mask-images.s3.amazonaws.com/crop/maksssksksss70-4.png,https://wym-mask-images.s3.amazonaws.com/crop/maksssksksss318-0.png,https://wym-mask-images.s3.amazonaws.com/crop/maksssksksss318-1.png,https://wym-mask-images.s3.amazonaws.com/crop/maksssksksss304-0.png,https://wym-mask-images.s3.amazonaws.com/crop/maksssksksss304-1.png,https://wym-mask-images.s3.amazonaws.com/crop/maksssksksss502-3.png,https://wym-mask-images.s3.amazonaws.com/crop/maksssksksss280-15.png,https://wym-mask-images.s3.amazonaws.com/crop/maksssksksss489-4.png
https://wym-mask-images.s3.amazonaws.com/crop/maksssksksss589-0.png,https://wym-mask-images.s3.amazonaws.com/crop/maksssksksss50-0.png,https://wym-mask-images.s3.amazonaws.com/crop/maksssksksss50-1.png,https://wym-mask-images.s3.amazonaws.com/crop/maksssksksss570-0.png,https://wym-mask-images.s3.amazonaws.com/crop/maksssksksss570-1.png,https://wym-mask-images.s3.amazonaws.com/crop/maksssksksss389-0.png,https://wym-mask-images.s3.amazonaws.com/crop/maksssksksss489-0.png,https://wym-mask-images.s3.amazonaws.com/crop/maksssksksss673-2.png,https://wym-mask-images.s3.amazonaws.com/crop/maksssksksss489-5.png
https://wym-mask-images.s3.amazonaws.com/crop/maksssksksss389-1.png,https://wym-mask-images.s3.amazonaws.com/crop/maksssksksss389-2.png,https://wym-mask-images.s3.amazonaws.com/crop/maksssksksss389-3.png,https://wym-mask-images.s3.amazonaws.com/crop/maksssksksss389-4.png,https://wym-mask-images.s3.amazonaws.com/crop/maksssksksss389-5.png,https://wym-mask-images.s3.amazonaws.com/crop/maksssksksss389-6.png,https://wym-mask-images.s3.amazonaws.com/crop/maksssksksss489-3.png,https://wym-mask-images.s3.amazonaws.com/crop/maksssksksss659-0.png,https://wym-mask-images.s3.amazonaws.com/crop/maksssksksss489-6.png
https://wym-mask-images.s3.amazonaws.com/crop/maksssksksss389-7.png,https://wym-mask-images.s3.amazonaws.com/crop/maksssksksss389-8.png,https://wym-mask-images.s3.amazonaws.com/crop/maksssksksss389-9.png,https://wym-mask-images.s3.amazonaws.com/crop/maksssksksss647-2.png,https://wym-mask-images.s3.amazonaws.com/crop/maksssksksss647-3.png,https://wym-mask-images.s3.amazonaws.com/crop/maksssksksss647-4.png,https://wym-mask-images.s3.amazonaws.com/crop/maksssksksss345-0.png,https://wym-mask-images.s3.amazonaws.com/crop/maksssksksss151-7.png,https://wym-mask-images.s3.amazonaws.com/crop/maksssksksss489-7.png
https://wym-mask-images.s3.amazonaws.com/crop/maksssksksss647-5.png,https://wym-mask-images.s3.amazonaws.com/crop/maksssksksss647-6.png,https://wym-mask-images.s3.amazonaws.com/crop/maksssksksss647-7.png,https://wym-mask-images.s3.amazonaws.com/crop/maksssksksss647-9.png,https://wym-mask-images.s3.amazonaws.com/crop/maksssksksss647-10.png,https://wym-mask-images.s3.amazonaws.com/crop/maksssksksss647-11.png,https://wym-mask-images.s3.amazonaws.com/crop/maksssksksss241-0.png,https://wym-mask-images.s3.amazonaws.com/crop/maksssksksss741-0.png,https://wym-mask-images.s3.amazonaws.com/crop/maksssksksss345-1.png
https://wym-mask-images.s3.amazonaws.com/crop/maksssksksss586-0.png,https://wym-mask-images.s3.amazonaws.com/crop/maksssksksss586-1.png,https://wym-mask-images.s3.amazonaws.com/crop/maksssksksss586-2.png,https://wym-mask-images.s3.amazonaws.com/crop/maksssksksss311-0.png,https://wym-mask-images.s3.amazonaws.com/crop/maksssksksss311-1.png,https://wym-mask-images.s3.amazonaws.com/crop/maksssksksss311-2.png,https://wym-mask-images.s3.amazonaws.com/crop/maksssksksss723-0.png,https://wym-mask-images.s3.amazonaws.com/crop/maksssksksss484-0.png,https://wym-mask-images.s3.amazonaws.com/crop/maksssksksss723-2.png
https://wym-mask-images.s3.amazonaws.com/crop/maksssksksss311-3.png,https://wym-mask-images.s3.amazonaws.com/crop/maksssksksss311-4.png,https://wym-mask-images.s3.amazonaws.com/crop/maksssksksss765-0.png,https://wym-mask-images.s3.amazonaws.com/crop/maksssksksss449-0.png,https://wym-mask-images.s3.amazonaws.com/crop/maksssksksss449-1.png,https://wym-mask-images.s3.amazonaws.com/crop/maksssksksss449-2.png,https://wym-mask-images.s3.amazonaws.com/crop/maksssksksss723-1.png,https://wym-mask-images.s3.amazonaws.com/crop/maksssksksss702-4.png,https://wym-mask-images.s3.amazonaws.com/crop/maksssksksss723-4.png
https://wym-mask-images.s3.amazonaws.com/crop/maksssksksss449-3.png,https://wym-mask-images.s3.amazonaws.com/crop/maksssksksss506-0.png,https://wym-mask-images.s3.amazonaws.com/crop/maksssksksss410-0.png,https://wym-mask-images.s3.amazonaws.com/crop/maksssksksss410-1.png,https://wym-mask-images.s3.amazonaws.com/crop/maksssksksss410-2.png,https://wym-mask-images.s3.amazonaws.com/crop/maksssksksss410-3.png,https://wym-mask-images.s3.amazonaws.com/crop/maksssksksss723-3.png,https://wym-mask-images.s3.amazonaws.com/crop/maksssksksss761-0.png,https://wym-mask-images.s3.amazonaws.com/crop/maksssksksss723-5.png
https://wym-mask-images.s3.amazonaws.com/crop/maksssksksss410-4.png,https://wym-mask-images.s3.amazonaws.com/crop/maksssksksss410-6.png,https://wym-mask-images.s3.amazonaws.com/crop/maksssksksss410-7.png,https://wym-mask-images.s3.amazonaws.com/crop/maksssksksss410-8.png,https://wym-mask-images.s3.amazonaws.com/crop/maksssksksss410-9.png,https://wym-mask-images.s3.amazonaws.com/crop/maksssksksss410-10.png,https://wym-mask-images.s3.amazonaws.com/crop/maksssksksss723-7.png,https://wym-mask-images.s3.amazonaws.com/crop/maksssksksss467-4.png,https://wym-mask-images.s3.amazonaws.com/crop/maksssksksss723-6.png
https://wym-mask-images.s3.amazonaws.com/crop/maksssksksss410-11.png,https://wym-mask-images.s3.amazonaws.com/crop/maksssksksss410-12.png,https://wym-mask-images.s3.amazonaws.com/crop/maksssksksss410-13.png,https://wym-mask-images.s3.amazonaws.com/crop/maksssksksss410-14.png,https://wym-mask-images.s3.amazonaws.com/crop/maksssksksss410-15.png,https://wym-mask-images.s3.amazonaws.com/crop/maksssksksss410-16.png,https://wym-mask-images.s3.amazonaws.com/crop/maksssksksss723-8.png,https://wym-mask-images.s3.amazonaws.com/crop/maksssksksss514-5.png,https://wym-mask-images.s3.amazonaws.com/crop/maksssksksss723-9.png
https://wym-mask-images.s3.amazonaws.com/crop/maksssksksss410-17.png,https://wym-mask-images.s3.amazonaws.com/crop/maksssksksss410-18.png,https://wym-mask-images.s3.amazonaws.com/crop/maksssksksss410-19.png,https://wym-mask-images.s3.amazonaws.com/crop/maksssksksss410-20.png,https://wym-mask-images.s3.amazonaws.com/crop/maksssksksss13-0.png,https://wym-mask-images.s3.amazonaws.com/crop/maksssksksss13-1.png,https://wym-mask-images.s3.amazonaws.com/crop/maksssksksss723-11.png,https://wym-mask-images.s3.amazonaws.com/crop/maksssksksss514-9.png,https://wym-mask-images.s3.amazonaws.com/crop/maksssksksss723-10.png
https://wym-mask-images.s3.amazonaws.com/crop/maksssksksss13-3.png,https://wym-mask-images.s3.amazonaws.com/crop/maksssksksss13-4.png,https://wym-mask-images.s3.amazonaws.com/crop/maksssksksss13-5.png,https://wym-mask-images.s3.amazonaws.com/crop/maksssksksss246-0.png,https://wym-mask-images.s3.amazonaws.com/crop/maksssksksss246-1.png,https://wym-mask-images.s3.amazonaws.com/crop/maksssksksss246-2.png,https://wym-mask-images.s3.amazonaws.com/crop/maksssksksss723-12.png,https://wym-mask-images.s3.amazonaws.com/crop/maksssksksss786-3.png,https://wym-mask-images.s3.amazonaws.com/crop/maksssksksss251-15.png
https://wym-mask-images.s3.amazonaws.com/crop/maksssksksss246-3.png,https://wym-mask-images.s3.amazonaws.com/crop/maksssksksss372-0.png,https://wym-mask-images.s3.amazonaws.com/crop/maksssksksss372-1.png,https://wym-mask-images.s3.amazonaws.com/crop/maksssksksss421-0.png,https://wym-mask-images.s3.amazonaws.com/crop/maksssksksss421-1.png,https://wym-mask-images.s3.amazonaws.com/crop/maksssksksss421-2.png,https://wym-mask-images.s3.amazonaws.com/crop/maksssksksss251-0.png,https://wym-mask-images.s3.amazonaws.com/crop/maksssksksss562-0.png,https://wym-mask-images.s3.amazonaws.com/crop/maksssksksss408-2.png
https://wym-mask-images.s3.amazonaws.com/crop/maksssksksss421-3.png,https://wym-mask-images.s3.amazonaws.com/crop/maksssksksss421-4.png,https://wym-mask-images.s3.amazonaws.com/crop/maksssksksss457-0.png,https://wym-mask-images.s3.amazonaws.com/crop/maksssksksss457-1.png,https://wym-mask-images.s3.amazonaws.com/crop/maksssksksss457-2.png,https://wym-mask-images.s3.amazonaws.com/crop/maksssksksss457-4.png,https://wym-mask-images.s3.amazonaws.com/crop/maksssksksss251-1.png,https://wym-mask-images.s3.amazonaws.com/crop/maksssksksss717-0.png,https://wym-mask-images.s3.amazonaws.com/crop/maksssksksss408-9.png
https://wym-mask-images.s3.amazonaws.com/crop/maksssksksss457-5.png,https://wym-mask-images.s3.amazonaws.com/crop/maksssksksss133-0.png,https://wym-mask-images.s3.amazonaws.com/crop/maksssksksss656-0.png,https://wym-mask-images.s3.amazonaws.com/crop/maksssksksss656-1.png,https://wym-mask-images.s3.amazonaws.com/crop/maksssksksss656-2.png,https://wym-mask-images.s3.amazonaws.com/crop/maksssksksss656-3.png,https://wym-mask-images.s3.amazonaws.com/crop/maksssksksss251-2.png,https://wym-mask-images.s3.amazonaws.com/crop/maksssksksss680-5.png,https://wym-mask-images.s3.amazonaws.com/crop/maksssksksss847-3.png
https://wym-mask-images.s3.amazonaws.com/crop/maksssksksss656-4.png,https://wym-mask-images.s3.amazonaws.com/crop/maksssksksss656-5.png,https://wym-mask-images.s3.amazonaws.com/crop/maksssksksss656-6.png,https://wym-mask-images.s3.amazonaws.com/crop/maksssksksss656-7.png,https://wym-mask-images.s3.amazonaws.com/crop/maksssksksss656-8.png,https://wym-mask-images.s3.amazonaws.com/crop/maksssksksss656-9.png,https://wym-mask-images.s3.amazonaws.com/crop/maksssksksss251-3.png,https://wym-mask-images.s3.amazonaws.com/crop/maksssksksss680-9.png,https://wym-mask-images.s3.amazonaws.com/crop/maksssksksss641-0.png
https://wym-mask-images.s3.amazonaws.com/crop/maksssksksss656-10.png,https://wym-mask-images.s3.amazonaws.com/crop/maksssksksss656-11.png,https://wym-mask-images.s3.amazonaws.com/crop/maksssksksss656-12.png,https://wym-mask-images.s3.amazonaws.com/crop/maksssksksss656-13.png,https://wym-mask-images.s3.amazonaws.com/crop/maksssksksss656-14.png,https://wym-mask-images.s3.amazonaws.com/crop/maksssksksss656-15.png,https://wym-mask-images.s3.amazonaws.com/crop/maksssksksss251-4.png,https://wym-mask-images.s3.amazonaws.com/crop/maksssksksss139-6.png,https://wym-mask-images.s3.amazonaws.com/crop/maksssksksss641-1.png
https://wym-mask-images.s3.amazonaws.com/crop/maksssksksss656-17.png,https://wym-mask-images.s3.amazonaws.com/crop/maksssksksss656-18.png,https://wym-mask-images.s3.amazonaws.com/crop/maksssksksss656-19.png,https://wym-mask-images.s3.amazonaws.com/crop/maksssksksss600-0.png,https://wym-mask-images.s3.amazonaws.com/crop/maksssksksss807-0.png,https://wym-mask-images.s3.amazonaws.com/crop/maksssksksss807-1.png,https://wym-mask-images.s3.amazonaws.com/crop/maksssksksss251-5.png,https://wym-mask-images.s3.amazonaws.com/crop/maksssksksss130-0.png,https://wym-mask-images.s3.amazonaws.com/crop/maksssksksss641-2.png
https://wym-mask-images.s3.amazonaws.com/crop/maksssksksss807-2.png,https://wym-mask-images.s3.amazonaws.com/crop/maksssksksss807-3.png,https://wym-mask-images.s3.amazonaws.com/crop/maksssksksss807-4.png,https://wym-mask-images.s3.amazonaws.com/crop/maksssksksss807-5.png,https://wym-mask-images.s3.amazonaws.com/crop/maksssksksss807-7.png,https://wym-mask-images.s3.amazonaws.com/crop/maksssksksss807-8.png,https://wym-mask-images.s3.amazonaws.com/crop/maksssksksss251-6.png,https://wym-mask-images.s3.amazonaws.com/crop/maksssksksss130-1.png,https://wym-mask-images.s3.amazonaws.com/crop/maksssksksss641-3.png
https://wym-mask-images.s3.amazonaws.com/crop/maksssksksss844-0.png,https://wym-mask-images.s3.amazonaws.com/crop/maksssksksss844-1.png,https://wym-mask-images.s3.amazonaws.com/crop/maksssksksss497-0.png,https://wym-mask-images.s3.amazonaws.com/crop/maksssksksss99-1.png,https://wym-mask-images.s3.amazonaws.com/crop/maksssksksss99-2.png,https://wym-mask-images.s3.amazonaws.com/crop/maksssksksss307-1.png,https://wym-mask-images.s3.amazonaws.com/crop/maksssksksss251-7.png,https://wym-mask-images.s3.amazonaws.com/crop/maksssksksss815-0.png,https://wym-mask-images.s3.amazonaws.com/crop/maksssksksss388-4.png
https://wym-mask-images.s3.amazonaws.com/crop/maksssksksss578-1.png,https://wym-mask-images.s3.amazonaws.com/crop/maksssksksss578-2.png,https://wym-mask-images.s3.amazonaws.com/crop/maksssksksss373-0.png,https://wym-mask-images.s3.amazonaws.com/crop/maksssksksss373-1.png,https://wym-mask-images.s3.amazonaws.com/crop/maksssksksss373-2.png,https://wym-mask-images.s3.amazonaws.com/crop/maksssksksss373-3.png,https://wym-mask-images.s3.amazonaws.com/crop/maksssksksss251-8.png,https://wym-mask-images.s3.amazonaws.com/crop/maksssksksss94-4.png,https://wym-mask-images.s3.amazonaws.com/crop/maksssksksss388-6.png
https://wym-mask-images.s3.amazonaws.com/crop/maksssksksss373-4.png,https://wym-mask-images.s3.amazonaws.com/crop/maksssksksss373-5.png,https://wym-mask-images.s3.amazonaws.com/crop/maksssksksss373-6.png,https://wym-mask-images.s3.amazonaws.com/crop/maksssksksss373-9.png,https://wym-mask-images.s3.amazonaws.com/crop/maksssksksss373-10.png,https://wym-mask-images.s3.amazonaws.com/crop/maksssksksss373-11.png,https://wym-mask-images.s3.amazonaws.com/crop/maksssksksss251-9.png,https://wym-mask-images.s3.amazonaws.com/crop/maksssksksss495-1.png,https://wym-mask-images.s3.amazonaws.com/crop/maksssksksss388-7.png
https://wym-mask-images.s3.amazonaws.com/crop/maksssksksss373-12.png,https://wym-mask-images.s3.amazonaws.com/crop/maksssksksss621-1.png,https://wym-mask-images.s3.amazonaws.com/crop/maksssksksss621-2.png,https://wym-mask-images.s3.amazonaws.com/crop/maksssksksss621-3.png,https://wym-mask-images.s3.amazonaws.com/crop/maksssksksss621-4.png,https://wym-mask-images.s3.amazonaws.com/crop/maksssksksss713-0.png,https://wym-mask-images.s3.amazonaws.com/crop/maksssksksss251-10.png,https://wym-mask-images.s3.amazonaws.com/crop/maksssksksss737-2.png,https://wym-mask-images.s3.amazonaws.com/crop/maksssksksss388-8.png
https://wym-mask-images.s3.amazonaws.com/crop/maksssksksss69-0.png,https://wym-mask-images.s3.amazonaws.com/crop/maksssksksss46-0.png,https://wym-mask-images.s3.amazonaws.com/crop/maksssksksss46-1.png,https://wym-mask-images.s3.amazonaws.com/crop/maksssksksss46-2.png,https://wym-mask-images.s3.amazonaws.com/crop/maksssksksss46-3.png,https://wym-mask-images.s3.amazonaws.com/crop/maksssksksss46-4.png,https://wym-mask-images.s3.amazonaws.com/crop/maksssksksss251-11.png,https://wym-mask-images.s3.amazonaws.com/crop/maksssksksss445-2.png,https://wym-mask-images.s3.amazonaws.com/crop/maksssksksss388-13.png
https://wym-mask-images.s3.amazonaws.com/crop/maksssksksss46-5.png,https://wym-mask-images.s3.amazonaws.com/crop/maksssksksss46-6.png,https://wym-mask-images.s3.amazonaws.com/crop/maksssksksss46-7.png,https://wym-mask-images.s3.amazonaws.com/crop/maksssksksss46-8.png,https://wym-mask-images.s3.amazonaws.com/crop/maksssksksss46-9.png,https://wym-mask-images.s3.amazonaws.com/crop/maksssksksss623-0.png,https://wym-mask-images.s3.amazonaws.com/crop/maksssksksss251-12.png,https://wym-mask-images.s3.amazonaws.com/crop/maksssksksss445-9.png,https://wym-mask-images.s3.amazonaws.com/crop/maksssksksss388-14.png
https://wym-mask-images.s3.amazonaws.com/crop/maksssksksss623-1.png,https://wym-mask-images.s3.amazonaws.com/crop/maksssksksss623-4.png,https://wym-mask-images.s3.amazonaws.com/crop/maksssksksss623-5.png,https://wym-mask-images.s3.amazonaws.com/crop/maksssksksss623-7.png,https://wym-mask-images.s3.amazonaws.com/crop/maksssksksss623-8.png,https://wym-mask-images.s3.amazonaws.com/crop/maksssksksss623-9.png,https://wym-mask-images.s3.amazonaws.com/crop/maksssksksss251-13.png,https://wym-mask-images.s3.amazonaws.com/crop/maksssksksss282-7.png,https://wym-mask-images.s3.amazonaws.com/crop/maksssksksss388-15.png
https://wym-mask-images.s3.amazonaws.com/crop/maksssksksss623-10.png,https://wym-mask-images.s3.amazonaws.com/crop/maksssksksss623-11.png,https://wym-mask-images.s3.amazonaws.com/crop/maksssksksss623-12.png,https://wym-mask-images.s3.amazonaws.com/crop/maksssksksss623-13.png,https://wym-mask-images.s3.amazonaws.com/crop/maksssksksss623-14.png,https://wym-mask-images.s3.amazonaws.com/crop/maksssksksss623-15.png,https://wym-mask-images.s3.amazonaws.com/crop/maksssksksss251-14.png,https://wym-mask-images.s3.amazonaws.com/crop/maksssksksss305-8.png,https://wym-mask-images.s3.amazonaws.com/crop/maksssksksss48-0.png
https://wym-mask-images.s3.amazonaws.com/crop/maksssksksss623-16.png,https://wym-mask-images.s3.amazonaws.com/crop/maksssksksss623-17.png,https://wym-mask-images.s3.amazonaws.com/crop/maksssksksss623-18.png,https://wym-mask-images.s3.amazonaws.com/crop/maksssksksss623-19.png,https://wym-mask-images.s3.amazonaws.com/crop/maksssksksss623-20.png,https://wym-mask-images.s3.amazonaws.com/crop/maksssksksss623-21.png,https://wym-mask-images.s3.amazonaws.com/crop/maksssksksss251-16.png,https://wym-mask-images.s3.amazonaws.com/crop/maksssksksss305-9.png,https://wym-mask-images.s3.amazonaws.com/crop/maksssksksss690-16.png
https://wym-mask-images.s3.amazonaws.com/crop/maksssksksss623-22.png,https://wym-mask-images.s3.amazonaws.com/crop/maksssksksss760-6.png,https://wym-mask-images.s3.amazonaws.com/crop/maksssksksss270-0.png,https://wym-mask-images.s3.amazonaws.com/crop/maksssksksss270-1.png,https://wym-mask-images.s3.amazonaws.com/crop/maksssksksss270-2.png,https://wym-mask-images.s3.amazonaws.com/crop/maksssksksss301-0.png,https://wym-mask-images.s3.amazonaws.com/crop/maksssksksss251-17.png,https://wym-mask-images.s3.amazonaws.com/crop/maksssksksss305-10.png,https://wym-mask-images.s3.amazonaws.com/crop/maksssksksss619-2.png
https://wym-mask-images.s3.amazonaws.com/crop/maksssksksss301-1.png,https://wym-mask-images.s3.amazonaws.com/crop/maksssksksss301-2.png,https://wym-mask-images.s3.amazonaws.com/crop/maksssksksss301-3.png,https://wym-mask-images.s3.amazonaws.com/crop/maksssksksss301-4.png,https://wym-mask-images.s3.amazonaws.com/crop/maksssksksss301-5.png,https://wym-mask-images.s3.amazonaws.com/crop/maksssksksss301-6.png,https://wym-mask-images.s3.amazonaws.com/crop/maksssksksss251-18.png,https://wym-mask-images.s3.amazonaws.com/crop/maksssksksss305-11.png,https://wym-mask-images.s3.amazonaws.com/crop/maksssksksss222-12.png
https://wym-mask-images.s3.amazonaws.com/crop/maksssksksss301-7.png,https://wym-mask-images.s3.amazonaws.com/crop/maksssksksss301-8.png,https://wym-mask-images.s3.amazonaws.com/crop/maksssksksss301-9.png,https://wym-mask-images.s3.amazonaws.com/crop/maksssksksss301-10.png,https://wym-mask-images.s3.amazonaws.com/crop/maksssksksss301-11.png,https://wym-mask-images.s3.amazonaws.com/crop/maksssksksss301-12.png,https://wym-mask-images.s3.amazonaws.com/crop/maksssksksss251-19.png,https://wym-mask-images.s3.amazonaws.com/crop/maksssksksss440-1.png,https://wym-mask-images.s3.amazonaws.com/crop/maksssksksss477-0.png
https://wym-mask-images.s3.amazonaws.com/crop/maksssksksss301-13.png,https://wym-mask-images.s3.amazonaws.com/crop/maksssksksss301-14.png,https://wym-mask-images.s3.amazonaws.com/crop/maksssksksss767-0.png,https://wym-mask-images.s3.amazonaws.com/crop/maksssksksss152-0.png,https://wym-mask-images.s3.amazonaws.com/crop/maksssksksss152-1.png,https://wym-mask-images.s3.amazonaws.com/crop/maksssksksss152-2.png,https://wym-mask-images.s3.amazonaws.com/crop/maksssksksss251-20.png,https://wym-mask-images.s3.amazonaws.com/crop/maksssksksss440-7.png,https://wym-mask-images.s3.amazonaws.com/crop/maksssksksss477-1.png
https://wym-mask-images.s3.amazonaws.com/crop/maksssksksss152-3.png,https://wym-mask-images.s3.amazonaws.com/crop/maksssksksss152-4.png,https://wym-mask-images.s3.amazonaws.com/crop/maksssksksss152-5.png,https://wym-mask-images.s3.amazonaws.com/crop/maksssksksss152-6.png,https://wym-mask-images.s3.amazonaws.com/crop/maksssksksss797-0.png,https://wym-mask-images.s3.amazonaws.com/crop/maksssksksss797-1.png,https://wym-mask-images.s3.amazonaws.com/crop/maksssksksss251-21.png,https://wym-mask-images.s3.amazonaws.com/crop/maksssksksss309-0.png,https://wym-mask-images.s3.amazonaws.com/crop/maksssksksss477-2.png
https://wym-mask-images.s3.amazonaws.com/crop/maksssksksss797-2.png,https://wym-mask-images.s3.amazonaws.com/crop/maksssksksss797-3.png,https://wym-mask-images.s3.amazonaws.com/crop/maksssksksss797-4.png,https://wym-mask-images.s3.amazonaws.com/crop/maksssksksss797-5.png,https://wym-mask-images.s3.amazonaws.com/crop/maksssksksss797-6.png,https://wym-mask-images.s3.amazonaws.com/crop/maksssksksss731-0.png,https://wym-mask-images.s3.amazonaws.com/crop/maksssksksss251-22.png,https://wym-mask-images.s3.amazonaws.com/crop/maksssksksss453-6.png,https://wym-mask-images.s3.amazonaws.com/crop/maksssksksss477-4.png
https://wym-mask-images.s3.amazonaws.com/crop/maksssksksss731-1.png,https://wym-mask-images.s3.amazonaws.com/crop/maksssksksss464-0.png,https://wym-mask-images.s3.amazonaws.com/crop/maksssksksss464-1.png,https://wym-mask-images.s3.amazonaws.com/crop/maksssksksss464-2.png,https://wym-mask-images.s3.amazonaws.com/crop/maksssksksss464-3.png,https://wym-mask-images.s3.amazonaws.com/crop/maksssksksss191-0.png,https://wym-mask-images.s3.amazonaws.com/crop/maksssksksss251-23.png,https://wym-mask-images.s3.amazonaws.com/crop/maksssksksss156-4.png,https://wym-mask-images.s3.amazonaws.com/crop/maksssksksss477-10.png
https://wym-mask-images.s3.amazonaws.com/crop/maksssksksss633-0.png,https://wym-mask-images.s3.amazonaws.com/crop/maksssksksss567-0.png,https://wym-mask-images.s3.amazonaws.com/crop/maksssksksss567-1.png,https://wym-mask-images.s3.amazonaws.com/crop/maksssksksss567-2.png,https://wym-mask-images.s3.amazonaws.com/crop/maksssksksss513-0.png,https://wym-mask-images.s3.amazonaws.com/crop/maksssksksss513-1.png,https://wym-mask-images.s3.amazonaws.com/crop/maksssksksss697-0.png,https://wym-mask-images.s3.amazonaws.com/crop/maksssksksss156-5.png,https://wym-mask-images.s3.amazonaws.com/crop/maksssksksss477-11.png
https://wym-mask-images.s3.amazonaws.com/crop/maksssksksss513-2.png,https://wym-mask-images.s3.amazonaws.com/crop/maksssksksss4-0.png,https://wym-mask-images.s3.amazonaws.com/crop/maksssksksss201-0.png,https://wym-mask-images.s3.amazonaws.com/crop/maksssksksss201-1.png,https://wym-mask-images.s3.amazonaws.com/crop/maksssksksss201-2.png,https://wym-mask-images.s3.amazonaws.com/crop/maksssksksss201-3.png,https://wym-mask-images.s3.amazonaws.com/crop/maksssksksss697-1.png,https://wym-mask-images.s3.amazonaws.com/crop/maksssksksss156-6.png,https://wym-mask-images.s3.amazonaws.com/crop/maksssksksss661-9.png
https://wym-mask-images.s3.amazonaws.com/crop/maksssksksss201-4.png,https://wym-mask-images.s3.amazonaws.com/crop/maksssksksss201-5.png,https://wym-mask-images.s3.amazonaws.com/crop/maksssksksss201-6.png,https://wym-mask-images.s3.amazonaws.com/crop/maksssksksss201-7.png,https://wym-mask-images.s3.amazonaws.com/crop/maksssksksss201-8.png,https://wym-mask-images.s3.amazonaws.com/crop/maksssksksss201-9.png,https://wym-mask-images.s3.amazonaws.com/crop/maksssksksss526-1.png,https://wym-mask-images.s3.amazonaws.com/crop/maksssksksss847-2.png,https://wym-mask-images.s3.amazonaws.com/crop/maksssksksss526-0.png
https://wym-mask-images.s3.amazonaws.com/crop/maksssksksss707-0.png,https://wym-mask-images.s3.amazonaws.com/crop/maksssksksss776-0.png,https://wym-mask-images.s3.amazonaws.com/crop/maksssksksss776-1.png,https://wym-mask-images.s3.amazonaws.com/crop/maksssksksss110-2.png,https://wym-mask-images.s3.amazonaws.com/crop/maksssksksss110-3.png,https://wym-mask-images.s3.amazonaws.com/crop/maksssksksss110-8.png,https://wym-mask-images.s3.amazonaws.com/crop/maksssksksss526-2.png,https://wym-mask-images.s3.amazonaws.com/crop/maksssksksss388-12.png,https://wym-mask-images.s3.amazonaws.com/crop/maksssksksss526-3.png
https://wym-mask-images.s3.amazonaws.com/crop/maksssksksss110-13.png,https://wym-mask-images.s3.amazonaws.com/crop/maksssksksss110-14.png,https://wym-mask-images.s3.amazonaws.com/crop/maksssksksss110-19.png,https://wym-mask-images.s3.amazonaws.com/crop/maksssksksss110-21.png,https://wym-mask-images.s3.amazonaws.com/crop/maksssksksss110-22.png,https://wym-mask-images.s3.amazonaws.com/crop/maksssksksss110-25.png,https://wym-mask-images.s3.amazonaws.com/crop/maksssksksss160-0.png,https://wym-mask-images.s3.amazonaws.com/crop/maksssksksss658-0.png,https://wym-mask-images.s3.amazonaws.com/crop/maksssksksss750-0.png
https://wym-mask-images.s3.amazonaws.com/crop/maksssksksss734-0.png,https://wym-mask-images.s3.amazonaws.com/crop/maksssksksss798-0.png,https://wym-mask-images.s3.amazonaws.com/crop/maksssksksss798-1.png,https://wym-mask-images.s3.amazonaws.com/crop/maksssksksss354-0.png,https://wym-mask-images.s3.amazonaws.com/crop/maksssksksss354-1.png,https://wym-mask-images.s3.amazonaws.com/crop/maksssksksss354-2.png,https://wym-mask-images.s3.amazonaws.com/crop/maksssksksss160-1.png,https://wym-mask-images.s3.amazonaws.com/crop/maksssksksss627-7.png,https://wym-mask-images.s3.amazonaws.com/crop/maksssksksss750-1.png
https://wym-mask-images.s3.amazonaws.com/crop/maksssksksss354-3.png,https://wym-mask-images.s3.amazonaws.com/crop/maksssksksss354-4.png,https://wym-mask-images.s3.amazonaws.com/crop/maksssksksss354-5.png,https://wym-mask-images.s3.amazonaws.com/crop/maksssksksss354-6.png,https://wym-mask-images.s3.amazonaws.com/crop/maksssksksss354-7.png,https://wym-mask-images.s3.amazonaws.com/crop/maksssksksss354-8.png,https://wym-mask-images.s3.amazonaws.com/crop/maksssksksss286-0.png,https://wym-mask-images.s3.amazonaws.com/crop/maksssksksss627-8.png,https://wym-mask-images.s3.amazonaws.com/crop/maksssksksss750-2.png
https://wym-mask-images.s3.amazonaws.com/crop/maksssksksss354-9.png,https://wym-mask-images.s3.amazonaws.com/crop/maksssksksss354-10.png,https://wym-mask-images.s3.amazonaws.com/crop/maksssksksss354-11.png,https://wym-mask-images.s3.amazonaws.com/crop/maksssksksss354-12.png,https://wym-mask-images.s3.amazonaws.com/crop/maksssksksss354-13.png,https://wym-mask-images.s3.amazonaws.com/crop/maksssksksss354-14.png,https://wym-mask-images.s3.amazonaws.com/crop/maksssksksss286-1.png,https://wym-mask-images.s3.amazonaws.com/crop/maksssksksss627-9.png,https://wym-mask-images.s3.amazonaws.com/crop/maksssksksss750-3.png
https://wym-mask-images.s3.amazonaws.com/crop/maksssksksss354-15.png,https://wym-mask-images.s3.amazonaws.com/crop/maksssksksss354-16.png,https://wym-mask-images.s3.amazonaws.com/crop/maksssksksss354-17.png,https://wym-mask-images.s3.amazonaws.com/crop/maksssksksss354-18.png,https://wym-mask-images.s3.amazonaws.com/crop/maksssksksss354-19.png,https://wym-mask-images.s3.amazonaws.com/crop/maksssksksss354-20.png,https://wym-mask-images.s3.amazonaws.com/crop/maksssksksss197-0.png,https://wym-mask-images.s3.amazonaws.com/crop/maksssksksss657-6.png,https://wym-mask-images.s3.amazonaws.com/crop/maksssksksss750-4.png
https://wym-mask-images.s3.amazonaws.com/crop/maksssksksss354-21.png,https://wym-mask-images.s3.amazonaws.com/crop/maksssksksss354-22.png,https://wym-mask-images.s3.amazonaws.com/crop/maksssksksss354-23.png,https://wym-mask-images.s3.amazonaws.com/crop/maksssksksss354-24.png,https://wym-mask-images.s3.amazonaws.com/crop/maksssksksss55-0.png,https://wym-mask-images.s3.amazonaws.com/crop/maksssksksss1-0.png,https://wym-mask-images.s3.amazonaws.com/crop/maksssksksss60-0.png,https://wym-mask-images.s3.amazonaws.com/crop/maksssksksss657-8.png,https://wym-mask-images.s3.amazonaws.com/crop/maksssksksss750-5.png
https://wym-mask-images.s3.amazonaws.com/crop/maksssksksss1-1.png,https://wym-mask-images.s3.amazonaws.com/crop/maksssksksss1-2.png,https://wym-mask-images.s3.amazonaws.com/crop/maksssksksss1-3.png,https://wym-mask-images.s3.amazonaws.com/crop/maksssksksss1-4.png,https://wym-mask-images.s3.amazonaws.com/crop/maksssksksss1-5.png,https://wym-mask-images.s3.amazonaws.com/crop/maksssksksss1-6.png,https://wym-mask-images.s3.amazonaws.com/crop/maksssksksss839-0.png,https://wym-mask-images.s3.amazonaws.com/crop/maksssksksss611-4.png,https://wym-mask-images.s3.amazonaws.com/crop/maksssksksss750-6.png
https://wym-mask-images.s3.amazonaws.com/crop/maksssksksss1-7.png,https://wym-mask-images.s3.amazonaws.com/crop/maksssksksss287-0.png,https://wym-mask-images.s3.amazonaws.com/crop/maksssksksss287-1.png,https://wym-mask-images.s3.amazonaws.com/crop/maksssksksss279-0.png,https://wym-mask-images.s3.amazonaws.com/crop/maksssksksss377-0.png,https://wym-mask-images.s3.amazonaws.com/crop/maksssksksss518-0.png,https://wym-mask-images.s3.amazonaws.com/crop/maksssksksss839-1.png,https://wym-mask-images.s3.amazonaws.com/crop/maksssksksss199-1.png,https://wym-mask-images.s3.amazonaws.com/crop/maksssksksss502-0.png
https://wym-mask-images.s3.amazonaws.com/crop/maksssksksss518-1.png,https://wym-mask-images.s3.amazonaws.com/crop/maksssksksss518-2.png,https://wym-mask-images.s3.amazonaws.com/crop/maksssksksss518-3.png,https://wym-mask-images.s3.amazonaws.com/crop/maksssksksss518-6.png,https://wym-mask-images.s3.amazonaws.com/crop/maksssksksss518-7.png,https://wym-mask-images.s3.amazonaws.com/crop/maksssksksss518-9.png,https://wym-mask-images.s3.amazonaws.com/crop/maksssksksss839-2.png,https://wym-mask-images.s3.amazonaws.com/crop/maksssksksss371-0.png,https://wym-mask-images.s3.amazonaws.com/crop/maksssksksss502-2.png
https://wym-mask-images.s3.amazonaws.com/crop/maksssksksss518-10.png,https://wym-mask-images.s3.amazonaws.com/crop/maksssksksss518-11.png,https://wym-mask-images.s3.amazonaws.com/crop/maksssksksss518-12.png,https://wym-mask-images.s3.amazonaws.com/crop/maksssksksss518-14.png,https://wym-mask-images.s3.amazonaws.com/crop/maksssksksss518-15.png,https://wym-mask-images.s3.amazonaws.com/crop/maksssksksss518-16.png,https://wym-mask-images.s3.amazonaws.com/crop/maksssksksss839-3.png,https://wym-mask-images.s3.amazonaws.com/crop/maksssksksss564-3.png,https://wym-mask-images.s3.amazonaws.com/crop/maksssksksss489-1.png
https://wym-mask-images.s3.amazonaws.com/crop/maksssksksss518-17.png,https://wym-mask-images.s3.amazonaws.com/crop/maksssksksss518-18.png,https://wym-mask-images.s3.amazonaws.com/crop/maksssksksss518-19.png,https://wym-mask-images.s3.amazonaws.com/crop/maksssksksss518-20.png,https://wym-mask-images.s3.amazonaws.com/crop/maksssksksss518-21.png,https://wym-mask-images.s3.amazonaws.com/crop/maksssksksss518-22.png,https://wym-mask-images.s3.amazonaws.com/crop/maksssksksss502-1.png,https://wym-mask-images.s3.amazonaws.com/crop/maksssksksss272-0.png,https://wym-mask-images.s3.amazonaws.com/crop/maksssksksss489-2.png
https://wym-mask-images.s3.amazonaws.com/crop/maksssksksss518-23.png,https://wym-mask-images.s3.amazonaws.com/crop/maksssksksss518-24.png,https://wym-mask-images.s3.amazonaws.com/crop/maksssksksss518-28.png,https://wym-mask-images.s3.amazonaws.com/crop/maksssksksss518-29.png,https://wym-mask-images.s3.amazonaws.com/crop/maksssksksss518-30.png,https://wym-mask-images.s3.amazonaws.com/crop/maksssksksss518-31.png,https://wym-mask-images.s3.amazonaws.com/crop/maksssksksss502-3.png,https://wym-mask-images.s3.amazonaws.com/crop/maksssksksss280-15.png,https://wym-mask-images.s3.amazonaws.com/crop/maksssksksss489-4.png
https://wym-mask-images.s3.amazonaws.com/crop/maksssksksss518-32.png,https://wym-mask-images.s3.amazonaws.com/crop/maksssksksss518-33.png,https://wym-mask-images.s3.amazonaws.com/crop/maksssksksss518-34.png,https://wym-mask-images.s3.amazonaws.com/crop/maksssksksss518-35.png,https://wym-mask-images.s3.amazonaws.com/crop/maksssksksss518-36.png,https://wym-mask-images.s3.amazonaws.com/crop/maksssksksss518-37.png,https://wym-mask-images.s3.amazonaws.com/crop/maksssksksss489-0.png,https://wym-mask-images.s3.amazonaws.com/crop/maksssksksss673-2.png,https://wym-mask-images.s3.amazonaws.com/crop/maksssksksss489-5.png
https://wym-mask-images.s3.amazonaws.com/crop/maksssksksss518-38.png,https://wym-mask-images.s3.amazonaws.com/crop/maksssksksss518-39.png,https://wym-mask-images.s3.amazonaws.com/crop/maksssksksss518-40.png,https://wym-mask-images.s3.amazonaws.com/crop/maksssksksss518-41.png,https://wym-mask-images.s3.amazonaws.com/crop/maksssksksss518-42.png,https://wym-mask-images.s3.amazonaws.com/crop/maksssksksss518-43.png,https://wym-mask-images.s3.amazonaws.com/crop/maksssksksss489-3.png,https://wym-mask-images.s3.amazonaws.com/crop/maksssksksss659-0.png,https://wym-mask-images.s3.amazonaws.com/crop/maksssksksss489-6.png
https://wym-mask-images.s3.amazonaws.com/crop/maksssksksss518-44.png,https://wym-mask-images.s3.amazonaws.com/crop/maksssksksss518-45.png,https://wym-mask-images.s3.amazonaws.com/crop/maksssksksss518-46.png,https://wym-mask-images.s3.amazonaws.com/crop/maksssksksss518-47.png,https://wym-mask-images.s3.amazonaws.com/crop/maksssksksss518-49.png,https://wym-mask-images.s3.amazonaws.com/crop/maksssksksss518-50.png,https://wym-mask-images.s3.amazonaws.com/crop/maksssksksss345-0.png,https://wym-mask-images.s3.amazonaws.com/crop/maksssksksss151-7.png,https://wym-mask-images.s3.amazonaws.com/crop/maksssksksss489-7.png
https://wym-mask-images.s3.amazonaws.com/crop/maksssksksss518-51.png,https://wym-mask-images.s3.amazonaws.com/crop/maksssksksss518-52.png,https://wym-mask-images.s3.amazonaws.com/crop/maksssksksss518-54.png,https://wym-mask-images.s3.amazonaws.com/crop/maksssksksss518-55.png,https://wym-mask-images.s3.amazonaws.com/crop/maksssksksss518-56.png,https://wym-mask-images.s3.amazonaws.com/crop/maksssksksss518-57.png,https://wym-mask-images.s3.amazonaws.com/crop/maksssksksss241-0.png,https://wym-mask-images.s3.amazonaws.com/crop/maksssksksss741-0.png,https://wym-mask-images.s3.amazonaws.com/crop/maksssksksss345-1.png
https://wym-mask-images.s3.amazonaws.com/crop/maksssksksss518-58.png,https://wym-mask-images.s3.amazonaws.com/crop/maksssksksss518-59.png,https://wym-mask-images.s3.amazonaws.com/crop/maksssksksss518-60.png,https://wym-mask-images.s3.amazonaws.com/crop/maksssksksss518-61.png,https://wym-mask-images.s3.amazonaws.com/crop/maksssksksss518-62.png,https://wym-mask-images.s3.amazonaws.com/crop/maksssksksss518-63.png,https://wym-mask-images.s3.amazonaws.com/crop/maksssksksss723-0.png,https://wym-mask-images.s3.amazonaws.com/crop/maksssksksss484-0.png,https://wym-mask-images.s3.amazonaws.com/crop/maksssksksss723-2.png
https://wym-mask-images.s3.amazonaws.com/crop/maksssksksss518-64.png,https://wym-mask-images.s3.amazonaws.com/crop/maksssksksss518-67.png,https://wym-mask-images.s3.amazonaws.com/crop/maksssksksss518-68.png,https://wym-mask-images.s3.amazonaws.com/crop/maksssksksss518-70.png,https://wym-mask-images.s3.amazonaws.com/crop/maksssksksss518-71.png,https://wym-mask-images.s3.amazonaws.com/crop/maksssksksss518-72.png,https://wym-mask-images.s3.amazonaws.com/crop/maksssksksss723-1.png,https://wym-mask-images.s3.amazonaws.com/crop/maksssksksss702-4.png,https://wym-mask-images.s3.amazonaws.com/crop/maksssksksss723-4.png
https://wym-mask-images.s3.amazonaws.com/crop/maksssksksss518-73.png,https://wym-mask-images.s3.amazonaws.com/crop/maksssksksss518-74.png,https://wym-mask-images.s3.amazonaws.com/crop/maksssksksss518-75.png,https://wym-mask-images.s3.amazonaws.com/crop/maksssksksss518-76.png,https://wym-mask-images.s3.amazonaws.com/crop/maksssksksss518-77.png,https://wym-mask-images.s3.amazonaws.com/crop/maksssksksss518-78.png,https://wym-mask-images.s3.amazonaws.com/crop/maksssksksss723-3.png,https://wym-mask-images.s3.amazonaws.com/crop/maksssksksss761-0.png,https://wym-mask-images.s3.amazonaws.com/crop/maksssksksss723-5.png
https://wym-mask-images.s3.amazonaws.com/crop/maksssksksss518-79.png,https://wym-mask-images.s3.amazonaws.com/crop/maksssksksss518-80.png,https://wym-mask-images.s3.amazonaws.com/crop/maksssksksss518-81.png,https://wym-mask-images.s3.amazonaws.com/crop/maksssksksss518-82.png,https://wym-mask-images.s3.amazonaws.com/crop/maksssksksss363-0.png,https://wym-mask-images.s3.amazonaws.com/crop/maksssksksss363-1.png,https://wym-mask-images.s3.amazonaws.com/crop/maksssksksss723-7.png,https://wym-mask-images.s3.amazonaws.com/crop/maksssksksss467-4.png,https://wym-mask-images.s3.amazonaws.com/crop/maksssksksss723-6.png
https://wym-mask-images.s3.amazonaws.com/crop/maksssksksss363-2.png,https://wym-mask-images.s3.amazonaws.com/crop/maksssksksss363-3.png,https://wym-mask-images.s3.amazonaws.com/crop/maksssksksss363-4.png,https://wym-mask-images.s3.amazonaws.com/crop/maksssksksss363-5.png,https://wym-mask-images.s3.amazonaws.com/crop/maksssksksss390-0.png,https://wym-mask-images.s3.amazonaws.com/crop/maksssksksss390-1.png,https://wym-mask-images.s3.amazonaws.com/crop/maksssksksss723-8.png,https://wym-mask-images.s3.amazonaws.com/crop/maksssksksss514-5.png,https://wym-mask-images.s3.amazonaws.com/crop/maksssksksss723-9.png
https://wym-mask-images.s3.amazonaws.com/crop/maksssksksss390-2.png,https://wym-mask-images.s3.amazonaws.com/crop/maksssksksss390-3.png,https://wym-mask-images.s3.amazonaws.com/crop/maksssksksss390-4.png,https://wym-mask-images.s3.amazonaws.com/crop/maksssksksss390-5.png,https://wym-mask-images.s3.amazonaws.com/crop/maksssksksss711-0.png,https://wym-mask-images.s3.amazonaws.com/crop/maksssksksss711-1.png,https://wym-mask-images.s3.amazonaws.com/crop/maksssksksss723-11.png,https://wym-mask-images.s3.amazonaws.com/crop/maksssksksss514-9.png,https://wym-mask-images.s3.amazonaws.com/crop/maksssksksss723-10.png
https://wym-mask-images.s3.amazonaws.com/crop/maksssksksss711-2.png,https://wym-mask-images.s3.amazonaws.com/crop/maksssksksss711-3.png,https://wym-mask-images.s3.amazonaws.com/crop/maksssksksss711-4.png,https://wym-mask-images.s3.amazonaws.com/crop/maksssksksss711-5.png,https://wym-mask-images.s3.amazonaws.com/crop/maksssksksss711-6.png,https://wym-mask-images.s3.amazonaws.com/crop/maksssksksss711-7.png,https://wym-mask-images.s3.amazonaws.com/crop/maksssksksss723-12.png,https://wym-mask-images.s3.amazonaws.com/crop/maksssksksss786-3.png,https://wym-mask-images.s3.amazonaws.com/crop/maksssksksss251-15.png
https://wym-mask-images.s3.amazonaws.com/crop/maksssksksss558-0.png,https://wym-mask-images.s3.amazonaws.com/crop/maksssksksss558-1.png,https://wym-mask-images.s3.amazonaws.com/crop/maksssksksss558-3.png,https://wym-mask-images.s3.amazonaws.com/crop/maksssksksss558-5.png,https://wym-mask-images.s3.amazonaws.com/crop/maksssksksss558-6.png,https://wym-mask-images.s3.amazonaws.com/crop/maksssksksss558-8.png,https://wym-mask-images.s3.amazonaws.com/crop/maksssksksss251-0.png,https://wym-mask-images.s3.amazonaws.com/crop/maksssksksss562-0.png,https://wym-mask-images.s3.amazonaws.com/crop/maksssksksss408-2.png
https://wym-mask-images.s3.amazonaws.com/crop/maksssksksss558-9.png,https://wym-mask-images.s3.amazonaws.com/crop/maksssksksss558-10.png,https://wym-mask-images.s3.amazonaws.com/crop/maksssksksss558-11.png,https://wym-mask-images.s3.amazonaws.com/crop/maksssksksss558-12.png,https://wym-mask-images.s3.amazonaws.com/crop/maksssksksss558-13.png,https://wym-mask-images.s3.amazonaws.com/crop/maksssksksss558-14.png,https://wym-mask-images.s3.amazonaws.com/crop/maksssksksss251-1.png,https://wym-mask-images.s3.amazonaws.com/crop/maksssksksss717-0.png,https://wym-mask-images.s3.amazonaws.com/crop/maksssksksss408-9.png
https://wym-mask-images.s3.amazonaws.com/crop/maksssksksss733-0.png,https://wym-mask-images.s3.amazonaws.com/crop/maksssksksss676-0.png,https://wym-mask-images.s3.amazonaws.com/crop/maksssksksss676-1.png,https://wym-mask-images.s3.amazonaws.com/crop/maksssksksss676-2.png,https://wym-mask-images.s3.amazonaws.com/crop/maksssksksss676-3.png,https://wym-mask-images.s3.amazonaws.com/crop/maksssksksss676-4.png,https://wym-mask-images.s3.amazonaws.com/crop/maksssksksss251-2.png,https://wym-mask-images.s3.amazonaws.com/crop/maksssksksss680-5.png,https://wym-mask-images.s3.amazonaws.com/crop/maksssksksss847-3.png
https://wym-mask-images.s3.amazonaws.com/crop/maksssksksss676-5.png,https://wym-mask-images.s3.amazonaws.com/crop/maksssksksss676-6.png,https://wym-mask-images.s3.amazonaws.com/crop/maksssksksss676-7.png,https://wym-mask-images.s3.amazonaws.com/crop/maksssksksss676-8.png,https://wym-mask-images.s3.amazonaws.com/crop/maksssksksss676-9.png,https://wym-mask-images.s3.amazonaws.com/crop/maksssksksss676-10.png,https://wym-mask-images.s3.amazonaws.com/crop/maksssksksss251-3.png,https://wym-mask-images.s3.amazonaws.com/crop/maksssksksss680-9.png,https://wym-mask-images.s3.amazonaws.com/crop/maksssksksss641-0.png
https://wym-mask-images.s3.amazonaws.com/crop/maksssksksss3-0.png,https://wym-mask-images.s3.amazonaws.com/crop/maksssksksss3-1.png,https://wym-mask-images.s3.amazonaws.com/crop/maksssksksss3-2.png,https://wym-mask-images.s3.amazonaws.com/crop/maksssksksss3-3.png,https://wym-mask-images.s3.amazonaws.com/crop/maksssksksss3-4.png,https://wym-mask-images.s3.amazonaws.com/crop/maksssksksss3-5.png,https://wym-mask-images.s3.amazonaws.com/crop/maksssksksss251-4.png,https://wym-mask-images.s3.amazonaws.com/crop/maksssksksss139-6.png,https://wym-mask-images.s3.amazonaws.com/crop/maksssksksss641-1.png
https://wym-mask-images.s3.amazonaws.com/crop/maksssksksss3-6.png,https://wym-mask-images.s3.amazonaws.com/crop/maksssksksss3-7.png,https://wym-mask-images.s3.amazonaws.com/crop/maksssksksss3-8.png,https://wym-mask-images.s3.amazonaws.com/crop/maksssksksss801-0.png,https://wym-mask-images.s3.amazonaws.com/crop/maksssksksss801-1.png,https://wym-mask-images.s3.amazonaws.com/crop/maksssksksss801-2.png,https://wym-mask-images.s3.amazonaws.com/crop/maksssksksss251-5.png,https://wym-mask-images.s3.amazonaws.com/crop/maksssksksss130-0.png,https://wym-mask-images.s3.amazonaws.com/crop/maksssksksss641-2.png
https://wym-mask-images.s3.amazonaws.com/crop/maksssksksss801-3.png,https://wym-mask-images.s3.amazonaws.com/crop/maksssksksss801-4.png,https://wym-mask-images.s3.amazonaws.com/crop/maksssksksss801-5.png,https://wym-mask-images.s3.amazonaws.com/crop/maksssksksss703-0.png,https://wym-mask-images.s3.amazonaws.com/crop/maksssksksss703-3.png,https://wym-mask-images.s3.amazonaws.com/crop/maksssksksss703-4.png,https://wym-mask-images.s3.amazonaws.com/crop/maksssksksss251-6.png,https://wym-mask-images.s3.amazonaws.com/crop/maksssksksss130-1.png,https://wym-mask-images.s3.amazonaws.com/crop/maksssksksss641-3.png
https://wym-mask-images.s3.amazonaws.com/crop/maksssksksss703-6.png,https://wym-mask-images.s3.amazonaws.com/crop/maksssksksss703-7.png,https://wym-mask-images.s3.amazonaws.com/crop/maksssksksss703-9.png,https://wym-mask-images.s3.amazonaws.com/crop/maksssksksss212-0.png,https://wym-mask-images.s3.amazonaws.com/crop/maksssksksss158-0.png,https://wym-mask-images.s3.amazonaws.com/crop/maksssksksss158-1.png,https://wym-mask-images.s3.amazonaws.com/crop/maksssksksss251-7.png,https://wym-mask-images.s3.amazonaws.com/crop/maksssksksss815-0.png,https://wym-mask-images.s3.amazonaws.com/crop/maksssksksss388-4.png
https://wym-mask-images.s3.amazonaws.com/crop/maksssksksss158-2.png,https://wym-mask-images.s3.amazonaws.com/crop/maksssksksss158-3.png,https://wym-mask-images.s3.amazonaws.com/crop/maksssksksss158-4.png,https://wym-mask-images.s3.amazonaws.com/crop/maksssksksss158-5.png,https://wym-mask-images.s3.amazonaws.com/crop/maksssksksss158-6.png,https://wym-mask-images.s3.amazonaws.com/crop/maksssksksss158-7.png,https://wym-mask-images.s3.amazonaws.com/crop/maksssksksss251-8.png,https://wym-mask-images.s3.amazonaws.com/crop/maksssksksss94-4.png,https://wym-mask-images.s3.amazonaws.com/crop/maksssksksss388-6.png
https://wym-mask-images.s3.amazonaws.com/crop/maksssksksss158-8.png,https://wym-mask-images.s3.amazonaws.com/crop/maksssksksss158-9.png,https://wym-mask-images.s3.amazonaws.com/crop/maksssksksss158-10.png,https://wym-mask-images.s3.amazonaws.com/crop/maksssksksss158-11.png,https://wym-mask-images.s3.amazonaws.com/crop/maksssksksss158-12.png,https://wym-mask-images.s3.amazonaws.com/crop/maksssksksss158-13.png,https://wym-mask-images.s3.amazonaws.com/crop/maksssksksss251-9.png,https://wym-mask-images.s3.amazonaws.com/crop/maksssksksss495-1.png,https://wym-mask-images.s3.amazonaws.com/crop/maksssksksss388-7.png
https://wym-mask-images.s3.amazonaws.com/crop/maksssksksss104-3.png,https://wym-mask-images.s3.amazonaws.com/crop/maksssksksss104-4.png,https://wym-mask-images.s3.amazonaws.com/crop/maksssksksss367-0.png,https://wym-mask-images.s3.amazonaws.com/crop/maksssksksss545-0.png,https://wym-mask-images.s3.amazonaws.com/crop/maksssksksss545-2.png,https://wym-mask-images.s3.amazonaws.com/crop/maksssksksss545-3.png,https://wym-mask-images.s3.amazonaws.com/crop/maksssksksss251-10.png,https://wym-mask-images.s3.amazonaws.com/crop/maksssksksss737-2.png,https://wym-mask-images.s3.amazonaws.com/crop/maksssksksss388-8.png
https://wym-mask-images.s3.amazonaws.com/crop/maksssksksss545-4.png,https://wym-mask-images.s3.amazonaws.com/crop/maksssksksss64-0.png,https://wym-mask-images.s3.amazonaws.com/crop/maksssksksss64-1.png,https://wym-mask-images.s3.amazonaws.com/crop/maksssksksss64-2.png,https://wym-mask-images.s3.amazonaws.com/crop/maksssksksss64-3.png,https://wym-mask-images.s3.amazonaws.com/crop/maksssksksss64-5.png,https://wym-mask-images.s3.amazonaws.com/crop/maksssksksss251-11.png,https://wym-mask-images.s3.amazonaws.com/crop/maksssksksss445-2.png,https://wym-mask-images.s3.amazonaws.com/crop/maksssksksss388-13.png
https://wym-mask-images.s3.amazonaws.com/crop/maksssksksss64-6.png,https://wym-mask-images.s3.amazonaws.com/crop/maksssksksss64-7.png,https://wym-mask-images.s3.amazonaws.com/crop/maksssksksss64-8.png,https://wym-mask-images.s3.amazonaws.com/crop/maksssksksss64-9.png,https://wym-mask-images.s3.amazonaws.com/crop/maksssksksss64-10.png,https://wym-mask-images.s3.amazonaws.com/crop/maksssksksss362-0.png,https://wym-mask-images.s3.amazonaws.com/crop/maksssksksss251-12.png,https://wym-mask-images.s3.amazonaws.com/crop/maksssksksss445-9.png,https://wym-mask-images.s3.amazonaws.com/crop/maksssksksss388-14.png
https://wym-mask-images.s3.amazonaws.com/crop/maksssksksss362-1.png,https://wym-mask-images.s3.amazonaws.com/crop/maksssksksss362-2.png,https://wym-mask-images.s3.amazonaws.com/crop/maksssksksss310-0.png,https://wym-mask-images.s3.amazonaws.com/crop/maksssksksss310-1.png,https://wym-mask-images.s3.amazonaws.com/crop/maksssksksss310-2.png,https://wym-mask-images.s3.amazonaws.com/crop/maksssksksss310-3.png,https://wym-mask-images.s3.amazonaws.com/crop/maksssksksss251-13.png,https://wym-mask-images.s3.amazonaws.com/crop/maksssksksss282-7.png,https://wym-mask-images.s3.amazonaws.com/crop/maksssksksss388-15.png
https://wym-mask-images.s3.amazonaws.com/crop/maksssksksss310-4.png,https://wym-mask-images.s3.amazonaws.com/crop/maksssksksss100-0.png,https://wym-mask-images.s3.amazonaws.com/crop/maksssksksss100-1.png,https://wym-mask-images.s3.amazonaws.com/crop/maksssksksss100-2.png,https://wym-mask-images.s3.amazonaws.com/crop/maksssksksss323-0.png,https://wym-mask-images.s3.amazonaws.com/crop/maksssksksss475-0.png,https://wym-mask-images.s3.amazonaws.com/crop/maksssksksss251-14.png,https://wym-mask-images.s3.amazonaws.com/crop/maksssksksss305-8.png,https://wym-mask-images.s3.amazonaws.com/crop/maksssksksss48-0.png
https://wym-mask-images.s3.amazonaws.com/crop/maksssksksss475-1.png,https://wym-mask-images.s3.amazonaws.com/crop/maksssksksss475-2.png,https://wym-mask-images.s3.amazonaws.com/crop/maksssksksss475-3.png,https://wym-mask-images.s3.amazonaws.com/crop/maksssksksss475-5.png,https://wym-mask-images.s3.amazonaws.com/crop/maksssksksss184-0.png,https://wym-mask-images.s3.amazonaws.com/crop/maksssksksss184-1.png,https://wym-mask-images.s3.amazonaws.com/crop/maksssksksss251-16.png,https://wym-mask-images.s3.amazonaws.com/crop/maksssksksss305-9.png,https://wym-mask-images.s3.amazonaws.com/crop/maksssksksss690-16.png
https://wym-mask-images.s3.amazonaws.com/crop/maksssksksss184-2.png,https://wym-mask-images.s3.amazonaws.com/crop/maksssksksss184-3.png,https://wym-mask-images.s3.amazonaws.com/crop/maksssksksss184-4.png,https://wym-mask-images.s3.amazonaws.com/crop/maksssksksss184-5.png,https://wym-mask-images.s3.amazonaws.com/crop/maksssksksss184-6.png,https://wym-mask-images.s3.amazonaws.com/crop/maksssksksss184-7.png,https://wym-mask-images.s3.amazonaws.com/crop/maksssksksss251-17.png,https://wym-mask-images.s3.amazonaws.com/crop/maksssksksss305-10.png,https://wym-mask-images.s3.amazonaws.com/crop/maksssksksss619-2.png
https://wym-mask-images.s3.amazonaws.com/crop/maksssksksss184-8.png,https://wym-mask-images.s3.amazonaws.com/crop/maksssksksss184-9.png,https://wym-mask-images.s3.amazonaws.com/crop/maksssksksss431-1.png,https://wym-mask-images.s3.amazonaws.com/crop/maksssksksss431-2.png,https://wym-mask-images.s3.amazonaws.com/crop/maksssksksss431-3.png,https://wym-mask-images.s3.amazonaws.com/crop/maksssksksss431-4.png,https://wym-mask-images.s3.amazonaws.com/crop/maksssksksss251-18.png,https://wym-mask-images.s3.amazonaws.com/crop/maksssksksss305-11.png,https://wym-mask-images.s3.amazonaws.com/crop/maksssksksss222-12.png
https://wym-mask-images.s3.amazonaws.com/crop/maksssksksss431-5.png,https://wym-mask-images.s3.amazonaws.com/crop/maksssksksss431-6.png,https://wym-mask-images.s3.amazonaws.com/crop/maksssksksss431-7.png,https://wym-mask-images.s3.amazonaws.com/crop/maksssksksss431-8.png,https://wym-mask-images.s3.amazonaws.com/crop/maksssksksss431-9.png,https://wym-mask-images.s3.amazonaws.com/crop/maksssksksss431-10.png,https://wym-mask-images.s3.amazonaws.com/crop/maksssksksss251-19.png,https://wym-mask-images.s3.amazonaws.com/crop/maksssksksss440-1.png,https://wym-mask-images.s3.amazonaws.com/crop/maksssksksss477-0.png
https://wym-mask-images.s3.amazonaws.com/crop/maksssksksss431-11.png,https://wym-mask-images.s3.amazonaws.com/crop/maksssksksss431-12.png,https://wym-mask-images.s3.amazonaws.com/crop/maksssksksss82-0.png,https://wym-mask-images.s3.amazonaws.com/crop/maksssksksss82-1.png,https://wym-mask-images.s3.amazonaws.com/crop/maksssksksss82-2.png,https://wym-mask-images.s3.amazonaws.com/crop/maksssksksss82-3.png,https://wym-mask-images.s3.amazonaws.com/crop/maksssksksss251-20.png,https://wym-mask-images.s3.amazonaws.com/crop/maksssksksss440-7.png,https://wym-mask-images.s3.amazonaws.com/crop/maksssksksss477-1.png
https://wym-mask-images.s3.amazonaws.com/crop/maksssksksss82-4.png,https://wym-mask-images.s3.amazonaws.com/crop/maksssksksss82-5.png,https://wym-mask-images.s3.amazonaws.com/crop/maksssksksss11-1.png,https://wym-mask-images.s3.amazonaws.com/crop/maksssksksss11-2.png,https://wym-mask-images.s3.amazonaws.com/crop/maksssksksss11-3.png,https://wym-mask-images.s3.amazonaws.com/crop/maksssksksss11-4.png,https://wym-mask-images.s3.amazonaws.com/crop/maksssksksss251-21.png,https://wym-mask-images.s3.amazonaws.com/crop/maksssksksss309-0.png,https://wym-mask-images.s3.amazonaws.com/crop/maksssksksss477-2.png
https://wym-mask-images.s3.amazonaws.com/crop/maksssksksss11-5.png,https://wym-mask-images.s3.amazonaws.com/crop/maksssksksss11-6.png,https://wym-mask-images.s3.amazonaws.com/crop/maksssksksss11-7.png,https://wym-mask-images.s3.amazonaws.com/crop/maksssksksss11-8.png,https://wym-mask-images.s3.amazonaws.com/crop/maksssksksss11-9.png,https://wym-mask-images.s3.amazonaws.com/crop/maksssksksss11-10.png,https://wym-mask-images.s3.amazonaws.com/crop/maksssksksss251-22.png,https://wym-mask-images.s3.amazonaws.com/crop/maksssksksss453-6.png,https://wym-mask-images.s3.amazonaws.com/crop/maksssksksss477-4.png
https://wym-mask-images.s3.amazonaws.com/crop/maksssksksss11-11.png,https://wym-mask-images.s3.amazonaws.com/crop/maksssksksss11-12.png,https://wym-mask-images.s3.amazonaws.com/crop/maksssksksss11-13.png,https://wym-mask-images.s3.amazonaws.com/crop/maksssksksss11-14.png,https://wym-mask-images.s3.amazonaws.com/crop/maksssksksss11-15.png,https://wym-mask-images.s3.amazonaws.com/crop/maksssksksss327-3.png,https://wym-mask-images.s3.amazonaws.com/crop/maksssksksss251-23.png,https://wym-mask-images.s3.amazonaws.com/crop/maksssksksss156-4.png,https://wym-mask-images.s3.amazonaws.com/crop/maksssksksss477-10.png
https://wym-mask-images.s3.amazonaws.com/crop/maksssksksss65-0.png,https://wym-mask-images.s3.amazonaws.com/crop/maksssksksss65-1.png,https://wym-mask-images.s3.amazonaws.com/crop/maksssksksss685-0.png,https://wym-mask-images.s3.amazonaws.com/crop/maksssksksss685-1.png,https://wym-mask-images.s3.amazonaws.com/crop/maksssksksss685-2.png,https://wym-mask-images.s3.amazonaws.com/crop/maksssksksss685-3.png,https://wym-mask-images.s3.amazonaws.com/crop/maksssksksss697-0.png,https://wym-mask-images.s3.amazonaws.com/crop/maksssksksss156-5.png,https://wym-mask-images.s3.amazonaws.com/crop/maksssksksss477-11.png
https://wym-mask-images.s3.amazonaws.com/crop/maksssksksss675-0.png,https://wym-mask-images.s3.amazonaws.com/crop/maksssksksss383-0.png,https://wym-mask-images.s3.amazonaws.com/crop/maksssksksss52-2.png,https://wym-mask-images.s3.amazonaws.com/crop/maksssksksss52-3.png,https://wym-mask-images.s3.amazonaws.com/crop/maksssksksss52-4.png,https://wym-mask-images.s3.amazonaws.com/crop/maksssksksss52-6.png,https://wym-mask-images.s3.amazonaws.com/crop/maksssksksss697-1.png,https://wym-mask-images.s3.amazonaws.com/crop/maksssksksss156-6.png,https://wym-mask-images.s3.amazonaws.com/crop/maksssksksss661-9.png
https://wym-mask-images.s3.amazonaws.com/crop/maksssksksss52-7.png,https://wym-mask-images.s3.amazonaws.com/crop/maksssksksss52-8.png,https://wym-mask-images.s3.amazonaws.com/crop/maksssksksss52-9.png,https://wym-mask-images.s3.amazonaws.com/crop/maksssksksss52-14.png,https://wym-mask-images.s3.amazonaws.com/crop/maksssksksss52-15.png,https://wym-mask-images.s3.amazonaws.com/crop/maksssksksss52-16.png,https://wym-mask-images.s3.amazonaws.com/crop/maksssksksss526-1.png,https://wym-mask-images.s3.amazonaws.com/crop/maksssksksss847-2.png,https://wym-mask-images.s3.amazonaws.com/crop/maksssksksss526-0.png
https://wym-mask-images.s3.amazonaws.com/crop/maksssksksss52-18.png,https://wym-mask-images.s3.amazonaws.com/crop/maksssksksss52-19.png,https://wym-mask-images.s3.amazonaws.com/crop/maksssksksss52-20.png,https://wym-mask-images.s3.amazonaws.com/crop/maksssksksss52-21.png,https://wym-mask-images.s3.amazonaws.com/crop/maksssksksss52-22.png,https://wym-mask-images.s3.amazonaws.com/crop/maksssksksss52-23.png,https://wym-mask-images.s3.amazonaws.com/crop/maksssksksss526-2.png,https://wym-mask-images.s3.amazonaws.com/crop/maksssksksss388-12.png,https://wym-mask-images.s3.amazonaws.com/crop/maksssksksss526-3.png
https://wym-mask-images.s3.amazonaws.com/crop/maksssksksss52-24.png,https://wym-mask-images.s3.amazonaws.com/crop/maksssksksss52-25.png,https://wym-mask-images.s3.amazonaws.com/crop/maksssksksss52-26.png,https://wym-mask-images.s3.amazonaws.com/crop/maksssksksss52-27.png,https://wym-mask-images.s3.amazonaws.com/crop/maksssksksss52-28.png,https://wym-mask-images.s3.amazonaws.com/crop/maksssksksss52-30.png,https://wym-mask-images.s3.amazonaws.com/crop/maksssksksss160-0.png,https://wym-mask-images.s3.amazonaws.com/crop/maksssksksss658-0.png,https://wym-mask-images.s3.amazonaws.com/crop/maksssksksss750-0.png
https://wym-mask-images.s3.amazonaws.com/crop/maksssksksss52-31.png,https://wym-mask-images.s3.amazonaws.com/crop/maksssksksss52-32.png,https://wym-mask-images.s3.amazonaws.com/crop/maksssksksss52-33.png,https://wym-mask-images.s3.amazonaws.com/crop/maksssksksss52-34.png,https://wym-mask-images.s3.amazonaws.com/crop/maksssksksss52-37.png,https://wym-mask-images.s3.amazonaws.com/crop/maksssksksss52-38.png,https://wym-mask-images.s3.amazonaws.com/crop/maksssksksss160-1.png,https://wym-mask-images.s3.amazonaws.com/crop/maksssksksss627-7.png,https://wym-mask-images.s3.amazonaws.com/crop/maksssksksss750-1.png
https://wym-mask-images.s3.amazonaws.com/crop/maksssksksss52-40.png,https://wym-mask-images.s3.amazonaws.com/crop/maksssksksss52-41.png,https://wym-mask-images.s3.amazonaws.com/crop/maksssksksss52-42.png,https://wym-mask-images.s3.amazonaws.com/crop/maksssksksss52-43.png,https://wym-mask-images.s3.amazonaws.com/crop/maksssksksss52-45.png,https://wym-mask-images.s3.amazonaws.com/crop/maksssksksss52-46.png,https://wym-mask-images.s3.amazonaws.com/crop/maksssksksss286-0.png,https://wym-mask-images.s3.amazonaws.com/crop/maksssksksss627-8.png,https://wym-mask-images.s3.amazonaws.com/crop/maksssksksss750-2.png
https://wym-mask-images.s3.amazonaws.com/crop/maksssksksss52-47.png,https://wym-mask-images.s3.amazonaws.com/crop/maksssksksss52-48.png,https://wym-mask-images.s3.amazonaws.com/crop/maksssksksss52-50.png,https://wym-mask-images.s3.amazonaws.com/crop/maksssksksss189-2.png,https://wym-mask-images.s3.amazonaws.com/crop/maksssksksss176-0.png,https://wym-mask-images.s3.amazonaws.com/crop/maksssksksss176-1.png,https://wym-mask-images.s3.amazonaws.com/crop/maksssksksss286-1.png,https://wym-mask-images.s3.amazonaws.com/crop/maksssksksss627-9.png,https://wym-mask-images.s3.amazonaws.com/crop/maksssksksss750-3.png
https://wym-mask-images.s3.amazonaws.com/crop/maksssksksss176-2.png,https://wym-mask-images.s3.amazonaws.com/crop/maksssksksss176-3.png,https://wym-mask-images.s3.amazonaws.com/crop/maksssksksss176-4.png,https://wym-mask-images.s3.amazonaws.com/crop/maksssksksss176-5.png,https://wym-mask-images.s3.amazonaws.com/crop/maksssksksss176-6.png,https://wym-mask-images.s3.amazonaws.com/crop/maksssksksss670-0.png,https://wym-mask-images.s3.amazonaws.com/crop/maksssksksss197-0.png,https://wym-mask-images.s3.amazonaws.com/crop/maksssksksss657-6.png,https://wym-mask-images.s3.amazonaws.com/crop/maksssksksss750-4.png
https://wym-mask-images.s3.amazonaws.com/crop/maksssksksss670-1.png,https://wym-mask-images.s3.amazonaws.com/crop/maksssksksss670-2.png,https://wym-mask-images.s3.amazonaws.com/crop/maksssksksss670-3.png,https://wym-mask-images.s3.amazonaws.com/crop/maksssksksss84-0.png,https://wym-mask-images.s3.amazonaws.com/crop/maksssksksss84-1.png,https://wym-mask-images.s3.amazonaws.com/crop/maksssksksss84-2.png,https://wym-mask-images.s3.amazonaws.com/crop/maksssksksss60-0.png,https://wym-mask-images.s3.amazonaws.com/crop/maksssksksss657-8.png,https://wym-mask-images.s3.amazonaws.com/crop/maksssksksss750-5.png
https://wym-mask-images.s3.amazonaws.com/crop/maksssksksss447-0.png,https://wym-mask-images.s3.amazonaws.com/crop/maksssksksss447-1.png,https://wym-mask-images.s3.amazonaws.com/crop/maksssksksss447-2.png,https://wym-mask-images.s3.amazonaws.com/crop/maksssksksss422-0.png,https://wym-mask-images.s3.amazonaws.com/crop/maksssksksss422-1.png,https://wym-mask-images.s3.amazonaws.com/crop/maksssksksss507-0.png,https://wym-mask-images.s3.amazonaws.com/crop/maksssksksss839-0.png,https://wym-mask-images.s3.amazonaws.com/crop/maksssksksss611-4.png,https://wym-mask-images.s3.amazonaws.com/crop/maksssksksss750-6.png
https://wym-mask-images.s3.amazonaws.com/crop/maksssksksss63-0.png,https://wym-mask-images.s3.amazonaws.com/crop/maksssksksss782-1.png,https://wym-mask-images.s3.amazonaws.com/crop/maksssksksss30-0.png,https://wym-mask-images.s3.amazonaws.com/crop/maksssksksss30-2.png,https://wym-mask-images.s3.amazonaws.com/crop/maksssksksss30-3.png,https://wym-mask-images.s3.amazonaws.com/crop/maksssksksss30-4.png,https://wym-mask-images.s3.amazonaws.com/crop/maksssksksss839-1.png,https://wym-mask-images.s3.amazonaws.com/crop/maksssksksss199-1.png,https://wym-mask-images.s3.amazonaws.com/crop/maksssksksss502-0.png
https://wym-mask-images.s3.amazonaws.com/crop/maksssksksss30-6.png,https://wym-mask-images.s3.amazonaws.com/crop/maksssksksss394-0.png,https://wym-mask-images.s3.amazonaws.com/crop/maksssksksss202-0.png,https://wym-mask-images.s3.amazonaws.com/crop/maksssksksss202-1.png,https://wym-mask-images.s3.amazonaws.com/crop/maksssksksss202-2.png,https://wym-mask-images.s3.amazonaws.com/crop/maksssksksss202-3.png,https://wym-mask-images.s3.amazonaws.com/crop/maksssksksss839-2.png,https://wym-mask-images.s3.amazonaws.com/crop/maksssksksss371-0.png,https://wym-mask-images.s3.amazonaws.com/crop/maksssksksss502-2.png
https://wym-mask-images.s3.amazonaws.com/crop/maksssksksss202-4.png,https://wym-mask-images.s3.amazonaws.com/crop/maksssksksss202-5.png,https://wym-mask-images.s3.amazonaws.com/crop/maksssksksss831-0.png,https://wym-mask-images.s3.amazonaws.com/crop/maksssksksss259-0.png,https://wym-mask-images.s3.amazonaws.com/crop/maksssksksss157-0.png,https://wym-mask-images.s3.amazonaws.com/crop/maksssksksss157-2.png,https://wym-mask-images.s3.amazonaws.com/crop/maksssksksss839-3.png,https://wym-mask-images.s3.amazonaws.com/crop/maksssksksss564-3.png,https://wym-mask-images.s3.amazonaws.com/crop/maksssksksss489-1.png
https://wym-mask-images.s3.amazonaws.com/crop/maksssksksss157-3.png,https://wym-mask-images.s3.amazonaws.com/crop/maksssksksss157-4.png,https://wym-mask-images.s3.amazonaws.com/crop/maksssksksss157-5.png,https://wym-mask-images.s3.amazonaws.com/crop/maksssksksss157-6.png,https://wym-mask-images.s3.amazonaws.com/crop/maksssksksss157-7.png,https://wym-mask-images.s3.amazonaws.com/crop/maksssksksss724-0.png,https://wym-mask-images.s3.amazonaws.com/crop/maksssksksss502-1.png,https://wym-mask-images.s3.amazonaws.com/crop/maksssksksss272-0.png,https://wym-mask-images.s3.amazonaws.com/crop/maksssksksss489-2.png
https://wym-mask-images.s3.amazonaws.com/crop/maksssksksss400-0.png,https://wym-mask-images.s3.amazonaws.com/crop/maksssksksss400-1.png,https://wym-mask-images.s3.amazonaws.com/crop/maksssksksss400-2.png,https://wym-mask-images.s3.amazonaws.com/crop/maksssksksss654-0.png,https://wym-mask-images.s3.amazonaws.com/crop/maksssksksss667-0.png,https://wym-mask-images.s3.amazonaws.com/crop/maksssksksss667-1.png,https://wym-mask-images.s3.amazonaws.com/crop/maksssksksss502-3.png,https://wym-mask-images.s3.amazonaws.com/crop/maksssksksss280-15.png,https://wym-mask-images.s3.amazonaws.com/crop/maksssksksss489-4.png
https://wym-mask-images.s3.amazonaws.com/crop/maksssksksss667-2.png,https://wym-mask-images.s3.amazonaws.com/crop/maksssksksss617-0.png,https://wym-mask-images.s3.amazonaws.com/crop/maksssksksss376-0.png,https://wym-mask-images.s3.amazonaws.com/crop/maksssksksss376-1.png,https://wym-mask-images.s3.amazonaws.com/crop/maksssksksss376-2.png,https://wym-mask-images.s3.amazonaws.com/crop/maksssksksss376-3.png,https://wym-mask-images.s3.amazonaws.com/crop/maksssksksss489-0.png,https://wym-mask-images.s3.amazonaws.com/crop/maksssksksss673-2.png,https://wym-mask-images.s3.amazonaws.com/crop/maksssksksss489-5.png
https://wym-mask-images.s3.amazonaws.com/crop/maksssksksss376-4.png,https://wym-mask-images.s3.amazonaws.com/crop/maksssksksss376-5.png,https://wym-mask-images.s3.amazonaws.com/crop/maksssksksss376-6.png,https://wym-mask-images.s3.amazonaws.com/crop/maksssksksss302-0.png,https://wym-mask-images.s3.amazonaws.com/crop/maksssksksss302-1.png,https://wym-mask-images.s3.amazonaws.com/crop/maksssksksss810-0.png,https://wym-mask-images.s3.amazonaws.com/crop/maksssksksss489-3.png,https://wym-mask-images.s3.amazonaws.com/crop/maksssksksss659-0.png,https://wym-mask-images.s3.amazonaws.com/crop/maksssksksss489-6.png
https://wym-mask-images.s3.amazonaws.com/crop/maksssksksss204-0.png,https://wym-mask-images.s3.amazonaws.com/crop/maksssksksss204-1.png,https://wym-mask-images.s3.amazonaws.com/crop/maksssksksss204-2.png,https://wym-mask-images.s3.amazonaws.com/crop/maksssksksss204-3.png,https://wym-mask-images.s3.amazonaws.com/crop/maksssksksss204-4.png,https://wym-mask-images.s3.amazonaws.com/crop/maksssksksss204-5.png,https://wym-mask-images.s3.amazonaws.com/crop/maksssksksss345-0.png,https://wym-mask-images.s3.amazonaws.com/crop/maksssksksss151-7.png,https://wym-mask-images.s3.amazonaws.com/crop/maksssksksss489-7.png
https://wym-mask-images.s3.amazonaws.com/crop/maksssksksss204-6.png,https://wym-mask-images.s3.amazonaws.com/crop/maksssksksss644-0.png,https://wym-mask-images.s3.amazonaws.com/crop/maksssksksss407-0.png,https://wym-mask-images.s3.amazonaws.com/crop/maksssksksss44-0.png,https://wym-mask-images.s3.amazonaws.com/crop/maksssksksss44-1.png,https://wym-mask-images.s3.amazonaws.com/crop/maksssksksss44-2.png,https://wym-mask-images.s3.amazonaws.com/crop/maksssksksss241-0.png,https://wym-mask-images.s3.amazonaws.com/crop/maksssksksss741-0.png,https://wym-mask-images.s3.amazonaws.com/crop/maksssksksss345-1.png
https://wym-mask-images.s3.amazonaws.com/crop/maksssksksss80-0.png,https://wym-mask-images.s3.amazonaws.com/crop/maksssksksss682-0.png,https://wym-mask-images.s3.amazonaws.com/crop/maksssksksss682-1.png,https://wym-mask-images.s3.amazonaws.com/crop/maksssksksss682-2.png,https://wym-mask-images.s3.amazonaws.com/crop/maksssksksss682-4.png,https://wym-mask-images.s3.amazonaws.com/crop/maksssksksss206-0.png,https://wym-mask-images.s3.amazonaws.com/crop/maksssksksss723-0.png,https://wym-mask-images.s3.amazonaws.com/crop/maksssksksss484-0.png,https://wym-mask-images.s3.amazonaws.com/crop/maksssksksss723-2.png
https://wym-mask-images.s3.amazonaws.com/crop/maksssksksss206-1.png,https://wym-mask-images.s3.amazonaws.com/crop/maksssksksss206-2.png,https://wym-mask-images.s3.amazonaws.com/crop/maksssksksss206-3.png,https://wym-mask-images.s3.amazonaws.com/crop/maksssksksss206-4.png,https://wym-mask-images.s3.amazonaws.com/crop/maksssksksss207-0.png,https://wym-mask-images.s3.amazonaws.com/crop/maksssksksss207-1.png,https://wym-mask-images.s3.amazonaws.com/crop/maksssksksss723-1.png,https://wym-mask-images.s3.amazonaws.com/crop/maksssksksss702-4.png,https://wym-mask-images.s3.amazonaws.com/crop/maksssksksss723-4.png
https://wym-mask-images.s3.amazonaws.com/crop/maksssksksss207-2.png,https://wym-mask-images.s3.amazonaws.com/crop/maksssksksss207-3.png,https://wym-mask-images.s3.amazonaws.com/crop/maksssksksss8-0.png,https://wym-mask-images.s3.amazonaws.com/crop/maksssksksss635-0.png,https://wym-mask-images.s3.amazonaws.com/crop/maksssksksss262-0.png,https://wym-mask-images.s3.amazonaws.com/crop/maksssksksss710-1.png,https://wym-mask-images.s3.amazonaws.com/crop/maksssksksss723-3.png,https://wym-mask-images.s3.amazonaws.com/crop/maksssksksss761-0.png,https://wym-mask-images.s3.amazonaws.com/crop/maksssksksss723-5.png
https://wym-mask-images.s3.amazonaws.com/crop/maksssksksss710-2.png,https://wym-mask-images.s3.amazonaws.com/crop/maksssksksss459-0.png,https://wym-mask-images.s3.amazonaws.com/crop/maksssksksss549-0.png,https://wym-mask-images.s3.amazonaws.com/crop/maksssksksss29-0.png,https://wym-mask-images.s3.amazonaws.com/crop/maksssksksss171-0.png,https://wym-mask-images.s3.amazonaws.com/crop/maksssksksss808-0.png,https://wym-mask-images.s3.amazonaws.com/crop/maksssksksss723-7.png,https://wym-mask-images.s3.amazonaws.com/crop/maksssksksss467-4.png,https://wym-mask-images.s3.amazonaws.com/crop/maksssksksss723-6.png
https://wym-mask-images.s3.amazonaws.com/crop/maksssksksss739-0.png,https://wym-mask-images.s3.amazonaws.com/crop/maksssksksss773-0.png,https://wym-mask-images.s3.amazonaws.com/crop/maksssksksss773-1.png,https://wym-mask-images.s3.amazonaws.com/crop/maksssksksss773-2.png,https://wym-mask-images.s3.amazonaws.com/crop/maksssksksss773-11.png,https://wym-mask-images.s3.amazonaws.com/crop/maksssksksss211-0.png,https://wym-mask-images.s3.amazonaws.com/crop/maksssksksss723-8.png,https://wym-mask-images.s3.amazonaws.com/crop/maksssksksss514-5.png,https://wym-mask-images.s3.amazonaws.com/crop/maksssksksss723-9.png
https://wym-mask-images.s3.amazonaws.com/crop/maksssksksss593-0.png,https://wym-mask-images.s3.amazonaws.com/crop/maksssksksss593-1.png,https://wym-mask-images.s3.amazonaws.com/crop/maksssksksss593-2.png,https://wym-mask-images.s3.amazonaws.com/crop/maksssksksss769-0.png,https://wym-mask-images.s3.amazonaws.com/crop/maksssksksss769-1.png,https://wym-mask-images.s3.amazonaws.com/crop/maksssksksss214-0.png,https://wym-mask-images.s3.amazonaws.com/crop/maksssksksss723-11.png,https://wym-mask-images.s3.amazonaws.com/crop/maksssksksss514-9.png,https://wym-mask-images.s3.amazonaws.com/crop/maksssksksss723-10.png
https://wym-mask-images.s3.amazonaws.com/crop/maksssksksss214-1.png,https://wym-mask-images.s3.amazonaws.com/crop/maksssksksss214-2.png,https://wym-mask-images.s3.amazonaws.com/crop/maksssksksss214-3.png,https://wym-mask-images.s3.amazonaws.com/crop/maksssksksss214-4.png,https://wym-mask-images.s3.amazonaws.com/crop/maksssksksss214-5.png,https://wym-mask-images.s3.amazonaws.com/crop/maksssksksss214-6.png,https://wym-mask-images.s3.amazonaws.com/crop/maksssksksss723-12.png,https://wym-mask-images.s3.amazonaws.com/crop/maksssksksss786-3.png,https://wym-mask-images.s3.amazonaws.com/crop/maksssksksss251-15.png
https://wym-mask-images.s3.amazonaws.com/crop/maksssksksss331-0.png,https://wym-mask-images.s3.amazonaws.com/crop/maksssksksss331-2.png,https://wym-mask-images.s3.amazonaws.com/crop/maksssksksss331-3.png,https://wym-mask-images.s3.amazonaws.com/crop/maksssksksss331-4.png,https://wym-mask-images.s3.amazonaws.com/crop/maksssksksss331-5.png,https://wym-mask-images.s3.amazonaws.com/crop/maksssksksss331-6.png,https://wym-mask-images.s3.amazonaws.com/crop/maksssksksss251-0.png,https://wym-mask-images.s3.amazonaws.com/crop/maksssksksss562-0.png,https://wym-mask-images.s3.amazonaws.com/crop/maksssksksss408-2.png
https://wym-mask-images.s3.amazonaws.com/crop/maksssksksss331-8.png,https://wym-mask-images.s3.amazonaws.com/crop/maksssksksss331-9.png,https://wym-mask-images.s3.amazonaws.com/crop/maksssksksss331-10.png,https://wym-mask-images.s3.amazonaws.com/crop/maksssksksss331-11.png,https://wym-mask-images.s3.amazonaws.com/crop/maksssksksss331-12.png,https://wym-mask-images.s3.amazonaws.com/crop/maksssksksss331-13.png,https://wym-mask-images.s3.amazonaws.com/crop/maksssksksss251-1.png,https://wym-mask-images.s3.amazonaws.com/crop/maksssksksss717-0.png,https://wym-mask-images.s3.amazonaws.com/crop/maksssksksss408-9.png
https://wym-mask-images.s3.amazonaws.com/crop/maksssksksss331-14.png,https://wym-mask-images.s3.amazonaws.com/crop/maksssksksss548-0.png,https://wym-mask-images.s3.amazonaws.com/crop/maksssksksss249-0.png,https://wym-mask-images.s3.amazonaws.com/crop/maksssksksss111-0.png,https://wym-mask-images.s3.amazonaws.com/crop/maksssksksss111-1.png,https://wym-mask-images.s3.amazonaws.com/crop/maksssksksss111-2.png,https://wym-mask-images.s3.amazonaws.com/crop/maksssksksss251-2.png,https://wym-mask-images.s3.amazonaws.com/crop/maksssksksss680-5.png,https://wym-mask-images.s3.amazonaws.com/crop/maksssksksss847-3.png
https://wym-mask-images.s3.amazonaws.com/crop/maksssksksss111-5.png,https://wym-mask-images.s3.amazonaws.com/crop/maksssksksss111-6.png,https://wym-mask-images.s3.amazonaws.com/crop/maksssksksss111-7.png,https://wym-mask-images.s3.amazonaws.com/crop/maksssksksss111-8.png,https://wym-mask-images.s3.amazonaws.com/crop/maksssksksss111-9.png,https://wym-mask-images.s3.amazonaws.com/crop/maksssksksss111-10.png,https://wym-mask-images.s3.amazonaws.com/crop/maksssksksss251-3.png,https://wym-mask-images.s3.amazonaws.com/crop/maksssksksss680-9.png,https://wym-mask-images.s3.amazonaws.com/crop/maksssksksss641-0.png
https://wym-mask-images.s3.amazonaws.com/crop/maksssksksss120-0.png,https://wym-mask-images.s3.amazonaws.com/crop/maksssksksss481-0.png,https://wym-mask-images.s3.amazonaws.com/crop/maksssksksss481-1.png,https://wym-mask-images.s3.amazonaws.com/crop/maksssksksss481-2.png,https://wym-mask-images.s3.amazonaws.com/crop/maksssksksss481-3.png,https://wym-mask-images.s3.amazonaws.com/crop/maksssksksss481-4.png,https://wym-mask-images.s3.amazonaws.com/crop/maksssksksss251-4.png,https://wym-mask-images.s3.amazonaws.com/crop/maksssksksss139-6.png,https://wym-mask-images.s3.amazonaws.com/crop/maksssksksss641-1.png
https://wym-mask-images.s3.amazonaws.com/crop/maksssksksss71-1.png,https://wym-mask-images.s3.amazonaws.com/crop/maksssksksss71-2.png,https://wym-mask-images.s3.amazonaws.com/crop/maksssksksss71-3.png,https://wym-mask-images.s3.amazonaws.com/crop/maksssksksss71-4.png,https://wym-mask-images.s3.amazonaws.com/crop/maksssksksss71-5.png,https://wym-mask-images.s3.amazonaws.com/crop/maksssksksss75-0.png,https://wym-mask-images.s3.amazonaws.com/crop/maksssksksss251-5.png,https://wym-mask-images.s3.amazonaws.com/crop/maksssksksss130-0.png,https://wym-mask-images.s3.amazonaws.com/crop/maksssksksss641-2.png
https://wym-mask-images.s3.amazonaws.com/crop/maksssksksss75-1.png,https://wym-mask-images.s3.amazonaws.com/crop/maksssksksss75-2.png,https://wym-mask-images.s3.amazonaws.com/crop/maksssksksss75-3.png,https://wym-mask-images.s3.amazonaws.com/crop/maksssksksss75-4.png,https://wym-mask-images.s3.amazonaws.com/crop/maksssksksss75-5.png,https://wym-mask-images.s3.amazonaws.com/crop/maksssksksss75-6.png,https://wym-mask-images.s3.amazonaws.com/crop/maksssksksss251-6.png,https://wym-mask-images.s3.amazonaws.com/crop/maksssksksss130-1.png,https://wym-mask-images.s3.amazonaws.com/crop/maksssksksss641-3.png
https://wym-mask-images.s3.amazonaws.com/crop/maksssksksss75-7.png,https://wym-mask-images.s3.amazonaws.com/crop/maksssksksss75-8.png,https://wym-mask-images.s3.amazonaws.com/crop/maksssksksss75-9.png,https://wym-mask-images.s3.amazonaws.com/crop/maksssksksss75-10.png,https://wym-mask-images.s3.amazonaws.com/crop/maksssksksss75-11.png,https://wym-mask-images.s3.amazonaws.com/crop/maksssksksss316-1.png,https://wym-mask-images.s3.amazonaws.com/crop/maksssksksss251-7.png,https://wym-mask-images.s3.amazonaws.com/crop/maksssksksss815-0.png,https://wym-mask-images.s3.amazonaws.com/crop/maksssksksss388-4.png
https://wym-mask-images.s3.amazonaws.com/crop/maksssksksss316-2.png,https://wym-mask-images.s3.amazonaws.com/crop/maksssksksss316-3.png,https://wym-mask-images.s3.amazonaws.com/crop/maksssksksss87-0.png,https://wym-mask-images.s3.amazonaws.com/crop/maksssksksss173-0.png,https://wym-mask-images.s3.amazonaws.com/crop/maksssksksss634-1.png,https://wym-mask-images.s3.amazonaws.com/crop/maksssksksss634-2.png,https://wym-mask-images.s3.amazonaws.com/crop/maksssksksss251-8.png,https://wym-mask-images.s3.amazonaws.com/crop/maksssksksss94-4.png,https://wym-mask-images.s3.amazonaws.com/crop/maksssksksss388-6.png
https://wym-mask-images.s3.amazonaws.com/crop/maksssksksss770-0.png,https://wym-mask-images.s3.amazonaws.com/crop/maksssksksss770-1.png,https://wym-mask-images.s3.amazonaws.com/crop/maksssksksss770-2.png,https://wym-mask-images.s3.amazonaws.com/crop/maksssksksss770-3.png,https://wym-mask-images.s3.amazonaws.com/crop/maksssksksss770-6.png,https://wym-mask-images.s3.amazonaws.com/crop/maksssksksss770-7.png,https://wym-mask-images.s3.amazonaws.com/crop/maksssksksss251-9.png,https://wym-mask-images.s3.amazonaws.com/crop/maksssksksss495-1.png,https://wym-mask-images.s3.amazonaws.com/crop/maksssksksss388-7.png
https://wym-mask-images.s3.amazonaws.com/crop/maksssksksss417-0.png,https://wym-mask-images.s3.amazonaws.com/crop/maksssksksss296-2.png,https://wym-mask-images.s3.amazonaws.com/crop/maksssksksss296-4.png,https://wym-mask-images.s3.amazonaws.com/crop/maksssksksss296-6.png,https://wym-mask-images.s3.amazonaws.com/crop/maksssksksss296-9.png,https://wym-mask-images.s3.amazonaws.com/crop/maksssksksss296-10.png,https://wym-mask-images.s3.amazonaws.com/crop/maksssksksss251-10.png,https://wym-mask-images.s3.amazonaws.com/crop/maksssksksss737-2.png,https://wym-mask-images.s3.amazonaws.com/crop/maksssksksss388-8.png
https://wym-mask-images.s3.amazonaws.com/crop/maksssksksss296-11.png,https://wym-mask-images.s3.amazonaws.com/crop/maksssksksss296-13.png,https://wym-mask-images.s3.amazonaws.com/crop/maksssksksss296-14.png,https://wym-mask-images.s3.amazonaws.com/crop/maksssksksss296-15.png,https://wym-mask-images.s3.amazonaws.com/crop/maksssksksss296-18.png,https://wym-mask-images.s3.amazonaws.com/crop/maksssksksss296-19.png,https://wym-mask-images.s3.amazonaws.com/crop/maksssksksss251-11.png,https://wym-mask-images.s3.amazonaws.com/crop/maksssksksss445-2.png,https://wym-mask-images.s3.amazonaws.com/crop/maksssksksss388-13.png
https://wym-mask-images.s3.amazonaws.com/crop/maksssksksss296-20.png,https://wym-mask-images.s3.amazonaws.com/crop/maksssksksss296-23.png,https://wym-mask-images.s3.amazonaws.com/crop/maksssksksss296-24.png,https://wym-mask-images.s3.amazonaws.com/crop/maksssksksss296-25.png,https://wym-mask-images.s3.amazonaws.com/crop/maksssksksss296-26.png,https://wym-mask-images.s3.amazonaws.com/crop/maksssksksss296-27.png,https://wym-mask-images.s3.amazonaws.com/crop/maksssksksss251-12.png,https://wym-mask-images.s3.amazonaws.com/crop/maksssksksss445-9.png,https://wym-mask-images.s3.amazonaws.com/crop/maksssksksss388-14.png
https://wym-mask-images.s3.amazonaws.com/crop/maksssksksss296-31.png,https://wym-mask-images.s3.amazonaws.com/crop/maksssksksss296-33.png,https://wym-mask-images.s3.amazonaws.com/crop/maksssksksss196-0.png,https://wym-mask-images.s3.amazonaws.com/crop/maksssksksss550-0.png,https://wym-mask-images.s3.amazonaws.com/crop/maksssksksss234-0.png,https://wym-mask-images.s3.amazonaws.com/crop/maksssksksss234-1.png,https://wym-mask-images.s3.amazonaws.com/crop/maksssksksss251-13.png,https://wym-mask-images.s3.amazonaws.com/crop/maksssksksss282-7.png,https://wym-mask-images.s3.amazonaws.com/crop/maksssksksss388-15.png
https://wym-mask-images.s3.amazonaws.com/crop/maksssksksss234-2.png,https://wym-mask-images.s3.amazonaws.com/crop/maksssksksss234-3.png,https://wym-mask-images.s3.amazonaws.com/crop/maksssksksss234-4.png,https://wym-mask-images.s3.amazonaws.com/crop/maksssksksss92-0.png,https://wym-mask-images.s3.amazonaws.com/crop/maksssksksss92-1.png,https://wym-mask-images.s3.amazonaws.com/crop/maksssksksss92-2.png,https://wym-mask-images.s3.amazonaws.com/crop/maksssksksss251-14.png,https://wym-mask-images.s3.amazonaws.com/crop/maksssksksss305-8.png,https://wym-mask-images.s3.amazonaws.com/crop/maksssksksss48-0.png
https://wym-mask-images.s3.amazonaws.com/crop/maksssksksss92-3.png,https://wym-mask-images.s3.amazonaws.com/crop/maksssksksss92-4.png,https://wym-mask-images.s3.amazonaws.com/crop/maksssksksss92-6.png,https://wym-mask-images.s3.amazonaws.com/crop/maksssksksss92-7.png,https://wym-mask-images.s3.amazonaws.com/crop/maksssksksss827-0.png,https://wym-mask-images.s3.amazonaws.com/crop/maksssksksss126-0.png,https://wym-mask-images.s3.amazonaws.com/crop/maksssksksss251-16.png,https://wym-mask-images.s3.amazonaws.com/crop/maksssksksss305-9.png,https://wym-mask-images.s3.amazonaws.com/crop/maksssksksss690-16.png
https://wym-mask-images.s3.amazonaws.com/crop/maksssksksss126-1.png,https://wym-mask-images.s3.amazonaws.com/crop/maksssksksss350-0.png,https://wym-mask-images.s3.amazonaws.com/crop/maksssksksss350-1.png,https://wym-mask-images.s3.amazonaws.com/crop/maksssksksss534-9.png,https://wym-mask-images.s3.amazonaws.com/crop/maksssksksss423-3.png,https://wym-mask-images.s3.amazonaws.com/crop/maksssksksss223-5.png,https://wym-mask-images.s3.amazonaws.com/crop/maksssksksss251-17.png,https://wym-mask-images.s3.amazonaws.com/crop/maksssksksss305-10.png,https://wym-mask-images.s3.amazonaws.com/crop/maksssksksss619-2.png
https://wym-mask-images.s3.amazonaws.com/crop/maksssksksss498-4.png,https://wym-mask-images.s3.amazonaws.com/crop/maksssksksss2-3.png,https://wym-mask-images.s3.amazonaws.com/crop/maksssksksss76-1.png,https://wym-mask-images.s3.amazonaws.com/crop/maksssksksss9-0.png,https://wym-mask-images.s3.amazonaws.com/crop/maksssksksss253-5.png,https://wym-mask-images.s3.amazonaws.com/crop/maksssksksss718-6.png,https://wym-mask-images.s3.amazonaws.com/crop/maksssksksss251-18.png,https://wym-mask-images.s3.amazonaws.com/crop/maksssksksss305-11.png,https://wym-mask-images.s3.amazonaws.com/crop/maksssksksss222-12.png
https://wym-mask-images.s3.amazonaws.com/crop/maksssksksss835-0.png,https://wym-mask-images.s3.amazonaws.com/crop/maksssksksss728-4.png,https://wym-mask-images.s3.amazonaws.com/crop/maksssksksss112-0.png,https://wym-mask-images.s3.amazonaws.com/crop/maksssksksss250-3.png,https://wym-mask-images.s3.amazonaws.com/crop/maksssksksss250-4.png,https://wym-mask-images.s3.amazonaws.com/crop/maksssksksss832-0.png,https://wym-mask-images.s3.amazonaws.com/crop/maksssksksss251-19.png,https://wym-mask-images.s3.amazonaws.com/crop/maksssksksss440-1.png,https://wym-mask-images.s3.amazonaws.com/crop/maksssksksss477-0.png
https://wym-mask-images.s3.amazonaws.com/crop/maksssksksss387-1.png,https://wym-mask-images.s3.amazonaws.com/crop/maksssksksss824-0.png,https://wym-mask-images.s3.amazonaws.com/crop/maksssksksss566-1.png,https://wym-mask-images.s3.amazonaws.com/crop/maksssksksss795-7.png,https://wym-mask-images.s3.amazonaws.com/crop/maksssksksss613-9.png,https://wym-mask-images.s3.amazonaws.com/crop/maksssksksss698-2.png,https://wym-mask-images.s3.amazonaws.com/crop/maksssksksss251-20.png,https://wym-mask-images.s3.amazonaws.com/crop/maksssksksss440-7.png,https://wym-mask-images.s3.amazonaws.com/crop/maksssksksss477-1.png
https://wym-mask-images.s3.amazonaws.com/crop/maksssksksss698-3.png,https://wym-mask-images.s3.amazonaws.com/crop/maksssksksss698-4.png,https://wym-mask-images.s3.amazonaws.com/crop/maksssksksss672-4.png,https://wym-mask-images.s3.amazonaws.com/crop/maksssksksss525-0.png,https://wym-mask-images.s3.amazonaws.com/crop/maksssksksss24-0.png,https://wym-mask-images.s3.amazonaws.com/crop/maksssksksss693-0.png,https://wym-mask-images.s3.amazonaws.com/crop/maksssksksss251-21.png,https://wym-mask-images.s3.amazonaws.com/crop/maksssksksss309-0.png,https://wym-mask-images.s3.amazonaws.com/crop/maksssksksss477-2.png
https://wym-mask-images.s3.amazonaws.com/crop/maksssksksss640-7.png,https://wym-mask-images.s3.amazonaws.com/crop/maksssksksss748-0.png,https://wym-mask-images.s3.amazonaws.com/crop/maksssksksss276-0.png,https://wym-mask-images.s3.amazonaws.com/crop/maksssksksss603-22.png,https://wym-mask-images.s3.amazonaws.com/crop/maksssksksss603-71.png,https://wym-mask-images.s3.amazonaws.com/crop/maksssksksss424-6.png,https://wym-mask-images.s3.amazonaws.com/crop/maksssksksss251-22.png,https://wym-mask-images.s3.amazonaws.com/crop/maksssksksss453-6.png,https://wym-mask-images.s3.amazonaws.com/crop/maksssksksss477-4.png
https://wym-mask-images.s3.amazonaws.com/crop/maksssksksss386-0.png,https://wym-mask-images.s3.amazonaws.com/crop/maksssksksss255-13.png,https://wym-mask-images.s3.amazonaws.com/crop/maksssksksss428-12.png,https://wym-mask-images.s3.amazonaws.com/crop/maksssksksss756-1.png,https://wym-mask-images.s3.amazonaws.com/crop/maksssksksss666-2.png,https://wym-mask-images.s3.amazonaws.com/crop/maksssksksss647-0.png,https://wym-mask-images.s3.amazonaws.com/crop/maksssksksss251-23.png,https://wym-mask-images.s3.amazonaws.com/crop/maksssksksss156-4.png,https://wym-mask-images.s3.amazonaws.com/crop/maksssksksss477-10.png
https://wym-mask-images.s3.amazonaws.com/crop/maksssksksss410-5.png,https://wym-mask-images.s3.amazonaws.com/crop/maksssksksss13-2.png,https://wym-mask-images.s3.amazonaws.com/crop/maksssksksss807-6.png,https://wym-mask-images.s3.amazonaws.com/crop/maksssksksss99-0.png,https://wym-mask-images.s3.amazonaws.com/crop/maksssksksss307-0.png,https://wym-mask-images.s3.amazonaws.com/crop/maksssksksss623-2.png,https://wym-mask-images.s3.amazonaws.com/crop/maksssksksss697-0.png,https://wym-mask-images.s3.amazonaws.com/crop/maksssksksss156-5.png,https://wym-mask-images.s3.amazonaws.com/crop/maksssksksss477-11.png
https://wym-mask-images.s3.amazonaws.com/crop/maksssksksss760-1.png,https://wym-mask-images.s3.amazonaws.com/crop/maksssksksss760-3.png,https://wym-mask-images.s3.amazonaws.com/crop/maksssksksss132-0.png,https://wym-mask-images.s3.amazonaws.com/crop/maksssksksss406-0.png,https://wym-mask-images.s3.amazonaws.com/crop/maksssksksss830-0.png,https://wym-mask-images.s3.amazonaws.com/crop/maksssksksss545-1.png,https://wym-mask-images.s3.amazonaws.com/crop/maksssksksss697-1.png,https://wym-mask-images.s3.amazonaws.com/crop/maksssksksss156-6.png,https://wym-mask-images.s3.amazonaws.com/crop/maksssksksss661-9.png
https://wym-mask-images.s3.amazonaws.com/crop/maksssksksss545-5.png,https://wym-mask-images.s3.amazonaws.com/crop/maksssksksss545-6.png,https://wym-mask-images.s3.amazonaws.com/crop/maksssksksss431-0.png,https://wym-mask-images.s3.amazonaws.com/crop/maksssksksss11-0.png,https://wym-mask-images.s3.amazonaws.com/crop/maksssksksss52-11.png,https://wym-mask-images.s3.amazonaws.com/crop/maksssksksss52-17.png,https://wym-mask-images.s3.amazonaws.com/crop/maksssksksss526-1.png,https://wym-mask-images.s3.amazonaws.com/crop/maksssksksss847-2.png,https://wym-mask-images.s3.amazonaws.com/crop/maksssksksss526-0.png
https://wym-mask-images.s3.amazonaws.com/crop/maksssksksss52-35.png,https://wym-mask-images.s3.amazonaws.com/crop/maksssksksss52-49.png,https://wym-mask-images.s3.amazonaws.com/crop/maksssksksss176-7.png,https://wym-mask-images.s3.amazonaws.com/crop/maksssksksss782-0.png,https://wym-mask-images.s3.amazonaws.com/crop/maksssksksss145-0.png,https://wym-mask-images.s3.amazonaws.com/crop/maksssksksss145-1.png,https://wym-mask-images.s3.amazonaws.com/crop/maksssksksss526-2.png,https://wym-mask-images.s3.amazonaws.com/crop/maksssksksss388-12.png,https://wym-mask-images.s3.amazonaws.com/crop/maksssksksss526-3.png
https://wym-mask-images.s3.amazonaws.com/crop/maksssksksss206-5.png,https://wym-mask-images.s3.amazonaws.com/crop/maksssksksss459-1.png,https://wym-mask-images.s3.amazonaws.com/crop/maksssksksss29-1.png,https://wym-mask-images.s3.amazonaws.com/crop/maksssksksss29-2.png,https://wym-mask-images.s3.amazonaws.com/crop/maksssksksss258-0.png,https://wym-mask-images.s3.amazonaws.com/crop/maksssksksss331-1.png,https://wym-mask-images.s3.amazonaws.com/crop/maksssksksss160-0.png,https://wym-mask-images.s3.amazonaws.com/crop/maksssksksss658-0.png,https://wym-mask-images.s3.amazonaws.com/crop/maksssksksss750-0.png
https://wym-mask-images.s3.amazonaws.com/crop/maksssksksss331-7.png,https://wym-mask-images.s3.amazonaws.com/crop/maksssksksss173-1.png,https://wym-mask-images.s3.amazonaws.com/crop/maksssksksss634-0.png,https://wym-mask-images.s3.amazonaws.com/crop/maksssksksss496-0.png,https://wym-mask-images.s3.amazonaws.com/crop/maksssksksss631-3.png,https://wym-mask-images.s3.amazonaws.com/crop/maksssksksss335-0.png,https://wym-mask-images.s3.amazonaws.com/crop/maksssksksss160-1.png,https://wym-mask-images.s3.amazonaws.com/crop/maksssksksss627-7.png,https://wym-mask-images.s3.amazonaws.com/crop/maksssksksss750-1.png
