Image,Label
maksssksksss0-0.png,Not Wearing Mask
maksssksksss0-2.png,Not Wearing Mask
maksssksksss108-4.png,Not Wearing Mask
maksssksksss11-0.png,Wearing Mask Incorrectly
maksssksksss112-0.png,Wearing Mask Incorrectly
maksssksksss114-0.png,Not Wearing Mask
maksssksksss116-0.png,Wearing Mask Correctly
maksssksksss116-1.png,Wearing Mask Correctly
maksssksksss116-2.png,Wearing Mask Correctly
maksssksksss116-3.png,Wearing Mask Correctly
maksssksksss116-4.png,Wearing Mask Correctly
maksssksksss121-0.png,Not Wearing Mask
maksssksksss121-1.png,Not Wearing Mask
maksssksksss121-2.png,Not Wearing Mask
maksssksksss121-3.png,Not Wearing Mask
maksssksksss121-4.png,Not Wearing Mask
maksssksksss121-5.png,Not Wearing Mask
maksssksksss121-6.png,Not Wearing Mask
maksssksksss128-0.png,Not Wearing Mask
maksssksksss13-2.png,Wearing Mask Incorrectly
maksssksksss130-2.png,Not Wearing Mask
maksssksksss130-3.png,Not Wearing Mask
maksssksksss131-2.png,Not Wearing Mask
maksssksksss131-4.png,Not Wearing Mask
maksssksksss131-6.png,Not Wearing Mask
maksssksksss131-7.png,Not Wearing Mask
maksssksksss132-0.png,Wearing Mask Incorrectly
maksssksksss135-0.png,Wearing Mask Correctly
maksssksksss135-1.png,Wearing Mask Correctly
maksssksksss137-0.png,Not Wearing Mask
maksssksksss137-1.png,Not Wearing Mask
maksssksksss137-4.png,Not Wearing Mask
maksssksksss137-5.png,Not Wearing Mask
maksssksksss139-2.png,Not Wearing Mask
maksssksksss145-0.png,Wearing Mask Incorrectly
maksssksksss145-1.png,Wearing Mask Incorrectly
maksssksksss147-0.png,Not Wearing Mask
maksssksksss148-1.png,Not Wearing Mask
maksssksksss148-2.png,Not Wearing Mask
maksssksksss148-4.png,Not Wearing Mask
maksssksksss151-0.png,Not Wearing Mask
maksssksksss153-1.png,Not Wearing Mask
maksssksksss156-10.png,Not Wearing Mask
maksssksksss156-11.png,Not Wearing Mask
maksssksksss156-12.png,Not Wearing Mask
maksssksksss156-7.png,Not Wearing Mask
maksssksksss156-8.png,Not Wearing Mask
maksssksksss156-9.png,Not Wearing Mask
maksssksksss168-0.png,Not Wearing Mask
maksssksksss168-4.png,Not Wearing Mask
maksssksksss173-1.png,Wearing Mask Incorrectly
maksssksksss176-7.png,Wearing Mask Incorrectly
maksssksksss178-1.png,Not Wearing Mask
maksssksksss178-2.png,Not Wearing Mask
maksssksksss2-3.png,Wearing Mask Incorrectly
maksssksksss203-0.png,Wearing Mask Correctly
maksssksksss203-1.png,Wearing Mask Correctly
maksssksksss203-2.png,Wearing Mask Correctly
maksssksksss203-3.png,Wearing Mask Correctly
maksssksksss206-5.png,Wearing Mask Incorrectly
maksssksksss21-4.png,Not Wearing Mask
maksssksksss216-4.png,Not Wearing Mask
maksssksksss217-0.png,Not Wearing Mask
maksssksksss221-8.png,Not Wearing Mask
maksssksksss222-0.png,Wearing Mask Correctly
maksssksksss222-1.png,Wearing Mask Correctly
maksssksksss222-10.png,Wearing Mask Correctly
maksssksksss222-11.png,Wearing Mask Correctly
maksssksksss222-13.png,Wearing Mask Correctly
maksssksksss222-14.png,Wearing Mask Correctly
maksssksksss222-15.png,Wearing Mask Correctly
maksssksksss222-16.png,Wearing Mask Correctly
maksssksksss222-2.png,Wearing Mask Correctly
maksssksksss222-3.png,Wearing Mask Correctly
maksssksksss222-4.png,Wearing Mask Correctly
maksssksksss222-5.png,Wearing Mask Correctly
maksssksksss222-6.png,Wearing Mask Correctly
maksssksksss222-7.png,Wearing Mask Correctly
maksssksksss222-8.png,Wearing Mask Correctly
maksssksksss222-9.png,Wearing Mask Correctly
maksssksksss223-11.png,Not Wearing Mask
maksssksksss223-12.png,Not Wearing Mask
maksssksksss223-5.png,Wearing Mask Incorrectly
maksssksksss223-6.png,Not Wearing Mask
maksssksksss223-7.png,Not Wearing Mask
maksssksksss223-8.png,Not Wearing Mask
maksssksksss223-9.png,Not Wearing Mask
maksssksksss231-0.png,Wearing Mask Correctly
maksssksksss231-1.png,Wearing Mask Correctly
maksssksksss231-10.png,Wearing Mask Correctly
maksssksksss231-11.png,Wearing Mask Correctly
maksssksksss231-12.png,Wearing Mask Correctly
maksssksksss231-13.png,Wearing Mask Correctly
maksssksksss231-14.png,Wearing Mask Correctly
maksssksksss231-2.png,Wearing Mask Correctly
maksssksksss231-3.png,Wearing Mask Correctly
maksssksksss231-4.png,Wearing Mask Correctly
maksssksksss231-5.png,Wearing Mask Correctly
maksssksksss231-6.png,Wearing Mask Correctly
maksssksksss231-7.png,Wearing Mask Correctly
maksssksksss231-8.png,Wearing Mask Correctly
maksssksksss231-9.png,Wearing Mask Correctly
maksssksksss24-0.png,Wearing Mask Incorrectly
maksssksksss244-0.png,Not Wearing Mask
maksssksksss244-2.png,Not Wearing Mask
maksssksksss248-0.png,Not Wearing Mask
maksssksksss250-3.png,Wearing Mask Incorrectly
maksssksksss250-4.png,Wearing Mask Incorrectly
maksssksksss253-5.png,Wearing Mask Incorrectly
maksssksksss255-13.png,Wearing Mask Incorrectly
maksssksksss257-4.png,Not Wearing Mask
maksssksksss258-0.png,Wearing Mask Incorrectly
maksssksksss260-0.png,Wearing Mask Correctly
maksssksksss260-1.png,Wearing Mask Correctly
maksssksksss260-10.png,Wearing Mask Correctly
maksssksksss260-11.png,Wearing Mask Correctly
maksssksksss260-12.png,Wearing Mask Correctly
maksssksksss260-13.png,Wearing Mask Correctly
maksssksksss260-14.png,Wearing Mask Correctly
maksssksksss260-15.png,Wearing Mask Correctly
maksssksksss260-16.png,Wearing Mask Correctly
maksssksksss260-17.png,Wearing Mask Correctly
maksssksksss260-18.png,Wearing Mask Correctly
maksssksksss260-19.png,Wearing Mask Correctly
maksssksksss260-2.png,Wearing Mask Correctly
maksssksksss260-20.png,Wearing Mask Correctly
maksssksksss260-21.png,Wearing Mask Correctly
maksssksksss260-22.png,Wearing Mask Correctly
maksssksksss260-23.png,Wearing Mask Correctly
maksssksksss260-24.png,Wearing Mask Correctly
maksssksksss260-25.png,Wearing Mask Correctly
maksssksksss260-26.png,Wearing Mask Correctly
maksssksksss260-27.png,Wearing Mask Correctly
maksssksksss260-28.png,Wearing Mask Correctly
maksssksksss260-29.png,Wearing Mask Correctly
maksssksksss260-3.png,Wearing Mask Correctly
maksssksksss260-30.png,Wearing Mask Correctly
maksssksksss260-31.png,Wearing Mask Correctly
maksssksksss260-32.png,Wearing Mask Correctly
maksssksksss260-33.png,Wearing Mask Correctly
maksssksksss260-34.png,Wearing Mask Correctly
maksssksksss260-35.png,Wearing Mask Correctly
maksssksksss260-36.png,Wearing Mask Correctly
maksssksksss260-37.png,Wearing Mask Correctly
maksssksksss260-38.png,Wearing Mask Correctly
maksssksksss260-39.png,Wearing Mask Correctly
maksssksksss260-4.png,Wearing Mask Correctly
maksssksksss260-40.png,Wearing Mask Correctly
maksssksksss260-41.png,Wearing Mask Correctly
maksssksksss260-42.png,Wearing Mask Correctly
maksssksksss260-43.png,Wearing Mask Correctly
maksssksksss260-44.png,Wearing Mask Correctly
maksssksksss260-45.png,Wearing Mask Correctly
maksssksksss260-46.png,Wearing Mask Correctly
maksssksksss260-47.png,Wearing Mask Correctly
maksssksksss260-48.png,Wearing Mask Correctly
maksssksksss260-49.png,Wearing Mask Correctly
maksssksksss260-5.png,Wearing Mask Correctly
maksssksksss260-50.png,Wearing Mask Correctly
maksssksksss260-51.png,Wearing Mask Correctly
maksssksksss260-52.png,Wearing Mask Correctly
maksssksksss260-6.png,Wearing Mask Correctly
maksssksksss260-7.png,Wearing Mask Correctly
maksssksksss260-8.png,Wearing Mask Correctly
maksssksksss260-9.png,Wearing Mask Correctly
maksssksksss261-3.png,Not Wearing Mask
maksssksksss261-4.png,Not Wearing Mask
maksssksksss261-5.png,Not Wearing Mask
maksssksksss276-0.png,Wearing Mask Incorrectly
maksssksksss280-10.png,Not Wearing Mask
maksssksksss280-11.png,Not Wearing Mask
maksssksksss280-14.png,Not Wearing Mask
maksssksksss280-18.png,Not Wearing Mask
maksssksksss280-19.png,Not Wearing Mask
maksssksksss29-1.png,Wearing Mask Incorrectly
maksssksksss29-2.png,Wearing Mask Incorrectly
maksssksksss294-5.png,Not Wearing Mask
maksssksksss294-6.png,Not Wearing Mask
maksssksksss294-7.png,Not Wearing Mask
maksssksksss299-0.png,Not Wearing Mask
maksssksksss305-13.png,Not Wearing Mask
maksssksksss305-2.png,Not Wearing Mask
maksssksksss305-3.png,Not Wearing Mask
maksssksksss305-4.png,Not Wearing Mask
maksssksksss305-5.png,Not Wearing Mask
maksssksksss305-6.png,Not Wearing Mask
maksssksksss305-7.png,Not Wearing Mask
maksssksksss307-0.png,Wearing Mask Incorrectly
maksssksksss312-0.png,Wearing Mask Correctly
maksssksksss312-1.png,Wearing Mask Correctly
maksssksksss312-2.png,Wearing Mask Correctly
maksssksksss317-1.png,Not Wearing Mask
maksssksksss319-1.png,Not Wearing Mask
maksssksksss319-10.png,Not Wearing Mask
maksssksksss319-2.png,Not Wearing Mask
maksssksksss319-5.png,Not Wearing Mask
maksssksksss319-7.png,Not Wearing Mask
maksssksksss321-0.png,Not Wearing Mask
maksssksksss325-7.png,Not Wearing Mask
maksssksksss331-1.png,Wearing Mask Incorrectly
maksssksksss331-7.png,Wearing Mask Incorrectly
maksssksksss333-0.png,Wearing Mask Correctly
maksssksksss336-0.png,Not Wearing Mask
maksssksksss336-2.png,Not Wearing Mask
maksssksksss336-6.png,Not Wearing Mask
maksssksksss340-1.png,Not Wearing Mask
maksssksksss343-0.png,Not Wearing Mask
maksssksksss347-0.png,Not Wearing Mask
maksssksksss347-2.png,Not Wearing Mask
maksssksksss349-2.png,Not Wearing Mask
maksssksksss35-0.png,Wearing Mask Correctly
maksssksksss35-1.png,Wearing Mask Correctly
maksssksksss360-0.png,Wearing Mask Correctly
maksssksksss370-0.png,Not Wearing Mask
maksssksksss374-3.png,Not Wearing Mask
maksssksksss375-0.png,Not Wearing Mask
maksssksksss375-1.png,Not Wearing Mask
maksssksksss381-4.png,Not Wearing Mask
maksssksksss381-5.png,Not Wearing Mask
maksssksksss384-2.png,Not Wearing Mask
maksssksksss385-1.png,Not Wearing Mask
maksssksksss385-2.png,Not Wearing Mask
maksssksksss385-3.png,Not Wearing Mask
maksssksksss385-4.png,Not Wearing Mask
maksssksksss386-0.png,Wearing Mask Incorrectly
maksssksksss387-1.png,Wearing Mask Incorrectly
maksssksksss388-0.png,Wearing Mask Correctly
maksssksksss388-1.png,Wearing Mask Correctly
maksssksksss388-10.png,Wearing Mask Correctly
maksssksksss388-11.png,Wearing Mask Correctly
maksssksksss388-16.png,Wearing Mask Correctly
maksssksksss388-2.png,Wearing Mask Correctly
maksssksksss388-3.png,Wearing Mask Correctly
maksssksksss388-5.png,Wearing Mask Correctly
maksssksksss388-9.png,Wearing Mask Correctly
maksssksksss392-0.png,Wearing Mask Correctly
maksssksksss396-4.png,Not Wearing Mask
maksssksksss399-7.png,Not Wearing Mask
maksssksksss401-0.png,Not Wearing Mask
maksssksksss401-1.png,Not Wearing Mask
maksssksksss402-0.png,Not Wearing Mask
maksssksksss406-0.png,Wearing Mask Incorrectly
maksssksksss408-0.png,Wearing Mask Correctly
maksssksksss408-1.png,Wearing Mask Correctly
maksssksksss408-3.png,Wearing Mask Correctly
maksssksksss408-4.png,Wearing Mask Correctly
maksssksksss408-5.png,Wearing Mask Correctly
maksssksksss408-6.png,Wearing Mask Correctly
maksssksksss408-7.png,Wearing Mask Correctly
maksssksksss408-8.png,Wearing Mask Correctly
maksssksksss41-0.png,Wearing Mask Correctly
maksssksksss41-1.png,Wearing Mask Correctly
maksssksksss41-2.png,Wearing Mask Correctly
maksssksksss41-3.png,Wearing Mask Correctly
maksssksksss41-4.png,Wearing Mask Correctly
maksssksksss41-5.png,Wearing Mask Correctly
maksssksksss41-6.png,Wearing Mask Correctly
maksssksksss41-7.png,Wearing Mask Correctly
maksssksksss41-8.png,Wearing Mask Correctly
maksssksksss410-5.png,Wearing Mask Incorrectly
maksssksksss411-1.png,Not Wearing Mask
maksssksksss412-0.png,Wearing Mask Correctly
maksssksksss412-1.png,Wearing Mask Correctly
maksssksksss423-3.png,Wearing Mask Incorrectly
maksssksksss424-6.png,Wearing Mask Incorrectly
maksssksksss425-0.png,Wearing Mask Correctly
maksssksksss428-12.png,Wearing Mask Incorrectly
maksssksksss431-0.png,Wearing Mask Incorrectly
maksssksksss432-0.png,Wearing Mask Correctly
maksssksksss443-0.png,Not Wearing Mask
maksssksksss45-0.png,Not Wearing Mask
maksssksksss45-2.png,Not Wearing Mask
maksssksksss453-0.png,Not Wearing Mask
maksssksksss453-1.png,Not Wearing Mask
maksssksksss453-10.png,Not Wearing Mask
maksssksksss453-11.png,Not Wearing Mask
maksssksksss453-12.png,Not Wearing Mask
maksssksksss453-15.png,Not Wearing Mask
maksssksksss453-16.png,Not Wearing Mask
maksssksksss453-18.png,Not Wearing Mask
maksssksksss453-19.png,Not Wearing Mask
maksssksksss453-2.png,Not Wearing Mask
maksssksksss453-22.png,Not Wearing Mask
maksssksksss453-3.png,Not Wearing Mask
maksssksksss453-4.png,Not Wearing Mask
maksssksksss453-7.png,Not Wearing Mask
maksssksksss453-8.png,Not Wearing Mask
maksssksksss453-9.png,Not Wearing Mask
maksssksksss455-0.png,Not Wearing Mask
maksssksksss459-1.png,Wearing Mask Incorrectly
maksssksksss467-5.png,Not Wearing Mask
maksssksksss468-0.png,Wearing Mask Correctly
maksssksksss473-0.png,Not Wearing Mask
maksssksksss476-5.png,Not Wearing Mask
maksssksksss476-6.png,Not Wearing Mask
maksssksksss477-12.png,Wearing Mask Correctly
maksssksksss477-3.png,Wearing Mask Correctly
maksssksksss477-5.png,Wearing Mask Correctly
maksssksksss477-6.png,Wearing Mask Correctly
maksssksksss477-7.png,Wearing Mask Correctly
maksssksksss477-8.png,Wearing Mask Correctly
maksssksksss477-9.png,Wearing Mask Correctly
maksssksksss483-3.png,Not Wearing Mask
maksssksksss487-0.png,Not Wearing Mask
maksssksksss49-6.png,Not Wearing Mask
maksssksksss49-7.png,Not Wearing Mask
maksssksksss495-0.png,Not Wearing Mask
maksssksksss495-3.png,Not Wearing Mask
maksssksksss495-5.png,Not Wearing Mask
maksssksksss495-8.png,Not Wearing Mask
maksssksksss496-0.png,Wearing Mask Incorrectly
maksssksksss498-4.png,Wearing Mask Incorrectly
maksssksksss504-0.png,Wearing Mask Correctly
maksssksksss514-4.png,Not Wearing Mask
maksssksksss517-0.png,Wearing Mask Correctly
maksssksksss517-1.png,Wearing Mask Correctly
maksssksksss517-2.png,Wearing Mask Correctly
maksssksksss517-3.png,Wearing Mask Correctly
maksssksksss52-11.png,Wearing Mask Incorrectly
maksssksksss52-17.png,Wearing Mask Incorrectly
maksssksksss52-35.png,Wearing Mask Incorrectly
maksssksksss52-49.png,Wearing Mask Incorrectly
maksssksksss521-0.png,Not Wearing Mask
maksssksksss525-0.png,Wearing Mask Incorrectly
maksssksksss527-0.png,Not Wearing Mask
maksssksksss527-1.png,Not Wearing Mask
maksssksksss527-2.png,Not Wearing Mask
maksssksksss527-4.png,Not Wearing Mask
maksssksksss527-5.png,Not Wearing Mask
maksssksksss529-2.png,Not Wearing Mask
maksssksksss534-7.png,Not Wearing Mask
maksssksksss534-9.png,Wearing Mask Incorrectly
maksssksksss535-2.png,Not Wearing Mask
maksssksksss535-3.png,Not Wearing Mask
maksssksksss545-1.png,Wearing Mask Incorrectly
maksssksksss545-5.png,Wearing Mask Incorrectly
maksssksksss545-6.png,Wearing Mask Incorrectly
maksssksksss547-0.png,Wearing Mask Correctly
maksssksksss547-1.png,Wearing Mask Correctly
maksssksksss547-2.png,Wearing Mask Correctly
maksssksksss559-12.png,Not Wearing Mask
maksssksksss559-13.png,Not Wearing Mask
maksssksksss559-14.png,Not Wearing Mask
maksssksksss561-0.png,Not Wearing Mask
maksssksksss564-1.png,Not Wearing Mask
maksssksksss564-10.png,Not Wearing Mask
maksssksksss564-4.png,Not Wearing Mask
maksssksksss566-1.png,Wearing Mask Incorrectly
maksssksksss571-0.png,Not Wearing Mask
maksssksksss575-1.png,Not Wearing Mask
maksssksksss575-2.png,Not Wearing Mask
maksssksksss575-3.png,Not Wearing Mask
maksssksksss575-4.png,Not Wearing Mask
maksssksksss579-2.png,Not Wearing Mask
maksssksksss603-22.png,Wearing Mask Incorrectly
maksssksksss603-71.png,Wearing Mask Incorrectly
maksssksksss613-9.png,Wearing Mask Incorrectly
maksssksksss619-0.png,Wearing Mask Correctly
maksssksksss619-1.png,Wearing Mask Correctly
maksssksksss620-4.png,Not Wearing Mask
maksssksksss620-5.png,Not Wearing Mask
maksssksksss623-2.png,Wearing Mask Incorrectly
maksssksksss624-0.png,Not Wearing Mask
maksssksksss627-0.png,Not Wearing Mask
maksssksksss627-1.png,Not Wearing Mask
maksssksksss627-10.png,Not Wearing Mask
maksssksksss627-2.png,Not Wearing Mask
maksssksksss627-4.png,Not Wearing Mask
maksssksksss627-6.png,Not Wearing Mask
maksssksksss634-0.png,Wearing Mask Incorrectly
maksssksksss640-7.png,Wearing Mask Incorrectly
maksssksksss647-0.png,Wearing Mask Incorrectly
maksssksksss657-12.png,Not Wearing Mask
maksssksksss657-2.png,Not Wearing Mask
maksssksksss657-3.png,Not Wearing Mask
maksssksksss657-4.png,Not Wearing Mask
maksssksksss657-7.png,Not Wearing Mask
maksssksksss661-14.png,Not Wearing Mask
maksssksksss662-0.png,Wearing Mask Correctly
maksssksksss662-1.png,Wearing Mask Correctly
maksssksksss662-2.png,Wearing Mask Correctly
maksssksksss662-3.png,Wearing Mask Correctly
maksssksksss666-2.png,Wearing Mask Incorrectly
maksssksksss672-4.png,Wearing Mask Incorrectly
maksssksksss673-3.png,Not Wearing Mask
maksssksksss673-4.png,Not Wearing Mask
maksssksksss68-0.png,Not Wearing Mask
maksssksksss680-4.png,Not Wearing Mask
maksssksksss690-0.png,Wearing Mask Correctly
maksssksksss690-1.png,Wearing Mask Correctly
maksssksksss690-10.png,Wearing Mask Correctly
maksssksksss690-11.png,Wearing Mask Correctly
maksssksksss690-12.png,Wearing Mask Correctly
maksssksksss690-13.png,Wearing Mask Correctly
maksssksksss690-14.png,Wearing Mask Correctly
maksssksksss690-15.png,Wearing Mask Correctly
maksssksksss690-17.png,Wearing Mask Correctly
maksssksksss690-18.png,Wearing Mask Correctly
maksssksksss690-19.png,Wearing Mask Correctly
maksssksksss690-2.png,Wearing Mask Correctly
maksssksksss690-3.png,Wearing Mask Correctly
maksssksksss690-4.png,Wearing Mask Correctly
maksssksksss690-5.png,Wearing Mask Correctly
maksssksksss690-6.png,Wearing Mask Correctly
maksssksksss690-7.png,Wearing Mask Correctly
maksssksksss690-8.png,Wearing Mask Correctly
maksssksksss690-9.png,Wearing Mask Correctly
maksssksksss693-0.png,Wearing Mask Incorrectly
maksssksksss695-1.png,Not Wearing Mask
maksssksksss695-14.png,Not Wearing Mask
maksssksksss695-17.png,Not Wearing Mask
maksssksksss695-2.png,Not Wearing Mask
maksssksksss698-2.png,Wearing Mask Incorrectly
maksssksksss698-3.png,Wearing Mask Incorrectly
maksssksksss698-4.png,Wearing Mask Incorrectly
maksssksksss700-0.png,Wearing Mask Correctly
maksssksksss700-1.png,Wearing Mask Correctly
maksssksksss702-10.png,Not Wearing Mask
maksssksksss708-0.png,Wearing Mask Correctly
maksssksksss708-1.png,Wearing Mask Correctly
maksssksksss708-2.png,Wearing Mask Correctly
maksssksksss717-1.png,Not Wearing Mask
maksssksksss718-6.png,Wearing Mask Incorrectly
maksssksksss719-3.png,Not Wearing Mask
maksssksksss726-0.png,Not Wearing Mask
maksssksksss726-2.png,Not Wearing Mask
maksssksksss726-3.png,Not Wearing Mask
maksssksksss727-0.png,Wearing Mask Correctly
maksssksksss728-4.png,Wearing Mask Incorrectly
maksssksksss735-10.png,Not Wearing Mask
maksssksksss735-5.png,Not Wearing Mask
maksssksksss735-6.png,Not Wearing Mask
maksssksksss735-7.png,Not Wearing Mask
maksssksksss735-8.png,Not Wearing Mask
maksssksksss735-9.png,Not Wearing Mask
maksssksksss74-25.png,Not Wearing Mask
maksssksksss748-0.png,Wearing Mask Incorrectly
maksssksksss751-2.png,Not Wearing Mask
maksssksksss756-1.png,Wearing Mask Incorrectly
maksssksksss76-1.png,Wearing Mask Incorrectly
maksssksksss760-1.png,Wearing Mask Incorrectly
maksssksksss760-3.png,Wearing Mask Incorrectly
maksssksksss772-0.png,Not Wearing Mask
maksssksksss772-1.png,Not Wearing Mask
maksssksksss782-0.png,Wearing Mask Incorrectly
maksssksksss787-0.png,Not Wearing Mask
maksssksksss787-4.png,Not Wearing Mask
maksssksksss795-7.png,Wearing Mask Incorrectly
maksssksksss804-0.png,Wearing Mask Correctly
maksssksksss804-1.png,Wearing Mask Correctly
maksssksksss804-10.png,Wearing Mask Correctly
maksssksksss804-11.png,Wearing Mask Correctly
maksssksksss804-2.png,Wearing Mask Correctly
maksssksksss804-3.png,Wearing Mask Correctly
maksssksksss804-4.png,Wearing Mask Correctly
maksssksksss804-5.png,Wearing Mask Correctly
maksssksksss804-6.png,Wearing Mask Correctly
maksssksksss804-7.png,Wearing Mask Correctly
maksssksksss804-8.png,Wearing Mask Correctly
maksssksksss804-9.png,Wearing Mask Correctly
maksssksksss807-6.png,Wearing Mask Incorrectly
maksssksksss809-0.png,Not Wearing Mask
maksssksksss818-0.png,Not Wearing Mask
maksssksksss821-1.png,Not Wearing Mask
maksssksksss824-0.png,Wearing Mask Incorrectly
maksssksksss830-0.png,Wearing Mask Incorrectly
maksssksksss832-0.png,Wearing Mask Incorrectly
maksssksksss835-0.png,Wearing Mask Incorrectly
maksssksksss841-0.png,Not Wearing Mask
maksssksksss847-0.png,Wearing Mask Correctly
maksssksksss847-1.png,Wearing Mask Correctly
maksssksksss847-10.png,Wearing Mask Correctly
maksssksksss847-11.png,Wearing Mask Correctly
maksssksksss847-12.png,Wearing Mask Correctly
maksssksksss847-13.png,Wearing Mask Correctly
maksssksksss847-14.png,Wearing Mask Correctly
maksssksksss847-15.png,Wearing Mask Correctly
maksssksksss847-16.png,Wearing Mask Correctly
maksssksksss847-17.png,Wearing Mask Correctly
maksssksksss847-18.png,Wearing Mask Correctly
maksssksksss847-4.png,Wearing Mask Correctly
maksssksksss847-5.png,Wearing Mask Correctly
maksssksksss847-6.png,Wearing Mask Correctly
maksssksksss847-7.png,Wearing Mask Correctly
maksssksksss847-8.png,Wearing Mask Correctly
maksssksksss847-9.png,Wearing Mask Correctly
maksssksksss852-1.png,Not Wearing Mask
maksssksksss86-2.png,Not Wearing Mask
maksssksksss86-3.png,Not Wearing Mask
maksssksksss88-0.png,Wearing Mask Correctly
maksssksksss9-0.png,Wearing Mask Incorrectly
maksssksksss94-5.png,Not Wearing Mask
maksssksksss95-0.png,Not Wearing Mask
maksssksksss96-1.png,Not Wearing Mask
maksssksksss96-2.png,Not Wearing Mask
maksssksksss98-0.png,Wearing Mask Correctly
maksssksksss98-1.png,Wearing Mask Correctly
maksssksksss98-2.png,Wearing Mask Correctly
maksssksksss98-3.png,Wearing Mask Correctly
maksssksksss99-0.png,Wearing Mask Incorrectly
